barcode,prefix,cycles,min_levenshtein
AAACAAATCCGG,AAACAAA,7,2
AAACACCAAGTG,AAACACC,7,2
AAACATTCTTGG,AAACATT,7,2
AAACAGGAGGGT,AAACAGG,7,2
AAACCACAAGGC,AAACCAC,7,2
AAACCCAATCAG,AAACCCA,7,2
AAACCTGAGGTT,AAACCTG,7,2
AAACCGTCATAA,AAACCGT,7,2
AAACTATGGAGT,AAACTAT,7,2
AAACTCGAAAGG,AAACTCG,7,2
AAACTTACCTTC,AAACTTA,7,2
AAACTGCATCTT,AAACTGC,7,2
AAACGAGATTAG,AAACGAG,7,2
AAACGCTCTCCC,AAACGCT,7,2
AAACGTCACAGA,AAACGTC,7,2
AAACGGAAAGCC,AAACGGA,7,2
AAATAACATCCG,AAATAAC,7,2
AAATACAATGGG,AAATACA,7,2
AAATATGCACGC,AAATATG,7,2
AAATAGTTGTCC,AAATAGT,7,2
AAATCAAACAGC,AAATCAA,7,2
AAATCCCTCGAG,AAATCCC,7,2
AAATCTTAGTGG,AAATCTT,7,2
AAATCGGCCGCC,AAATCGG,7,2
AAATTAGAGCCA,AAATTAG,7,2
AAATTCTCGCGT,AAATTCT,7,2
AAATTTCAGGGA,AAATTTC,7,2
AAATTGACGTTC,AAATTGA,7,2
AAATGATCACCA,AAATGAT,7,2
AAATGCGATAAG,AAATGCG,7,2
AAATGTACGACT,AAATGTA,7,2
AAATGGCAAAGT,AAATGGC,7,2
AAAGAATCGGCG,AAAGAAT,7,2
AAAGACGAAGGC,AAAGACG,7,2
AAAGATAATCGG,AAAGATA,7,2
AAAGAGCCGTTC,AAAGAGC,7,2
AAAGCAGAATCC,AAAGCAG,7,2
AAAGCCTAGTAT,AAAGCCT,7,2
AAAGCTCCATAG,AAAGCTC,7,2
AAAGCGACCTAC,AAAGCGA,7,2
AAAGTAAAGACC,AAAGTAA,7,2
AAAGTCCACACC,AAAGTCC,7,2
AAAGTTTCATCC,AAAGTTT,7,2
AAAGTGGAACAA,AAAGTGG,7,2
AAAGGACCCACT,AAAGGAC,7,2
AAAGGCATAACG,AAAGGCA,7,2
AAAGGTGAACGT,AAAGGTG,7,2
AAAGGGTACGCT,AAAGGGT,7,2
AACAAACACTGT,AACAAAC,7,2
AACAACAATGCC,AACAACA,7,2
AACAATGAGCTA,AACAATG,7,2
AACAAGTCAGCT,AACAAGT,7,2
AACACAAAGTCT,AACACAA,7,2
AACACCCAATTC,AACACCC,7,2
AACACTTACTCA,AACACTT,7,2
AACACGGACTGA,AACACGG,7,2
AACATATAAGGC,AACATAT,7,2
AACATCGATTGC,AACATCG,7,2
AACATTAACTCG,AACATTA,7,2
AACATGCAATCT,AACATGC,7,2
AACAGAGCAGTT,AACAGAG,7,2
AACAGCTAAACC,AACAGCT,7,2
AACAGTCAAAGT,AACAGTC,7,2
AACAGGACCCTC,AACAGGA,7,2
AACCAATCCCGG,AACCAAT,7,2
AACCACGAGACT,AACCACG,7,2
AACCATACATCA,AACCATA,7,2
AACCAGCACTTC,AACCAGC,7,2
AACCCAGACAGT,AACCCAG,7,2
AACCCTCAAGTG,AACCCTC,7,2
AACCCGACTCAA,AACCCGA,7,2
AACCTAACATCT,AACCTAA,7,2
AACCTCCAAGGA,AACCTCC,7,2
AACCTTTAACGG,AACCTTT,7,2
AACCTGGACATA,AACCTGG,7,2
AACCGACAAAGG,AACCGAC,7,2
AACCGCACAGTA,AACCGCA,7,2
AACCGTGAACCC,AACCGTG,7,2
AACCGGTAGGCA,AACCGGT,7,2
AACTAAACAAGC,AACTAAA,7,2
AACTACCCTGCC,AACTACC,7,2
AACTATTTCCGA,AACTATT,7,2
AACTAGGATTCT,AACTAGG,7,2
AACTCACAGTAT,AACTCAC,7,2
AACTCCAAACGT,AACTCCA,7,2
AACTCTGACGTT,AACTCTG,7,2
AACTCGTATTTC,AACTCGT,7,2
AACGAAGAACAG,AACGAAG,7,2
AACGACTATTAC,AACGACT,7,2
AACGATCCCAAA,AACGATC,7,2
AACGAGAAGTCT,AACGAGA,7,2
AACGCATAATGC,AACGCAT,7,2
AACGCCGACATT,AACGCCG,7,2
AACGCTAAACTG,AACGCTA,7,2
AACGCGCAAATT,AACGCGC,7,2
AACGTACCCGTT,AACGTAC,7,2
AACGTCACTACA,AACGTCA,7,2
AACGTTGAACGA,AACGTTG,7,2
AACGTGTCTATC,AACGTGT,7,2
AACGGAAGAAAT,AACGGAA,7,2
AACGGCCCAGGA,AACGGCC,7,2
AACGGTTAAATG,AACGGTT,7,2
AATAAATGCGTC,AATAAAT,7,2
AATAACCACGCA,AATAACC,7,2
AATAATACTGCG,AATAATA,7,2
AATAAGGACGAC,AATAAGG,7,2
AATACACAAGCA,AATACAC,7,2
AATACCAAGAGG,AATACCA,7,2
AATACTGTGTAC,AATACTG,7,2
AATACGTTCAAG,AATACGT,7,2
AATATAAAGCCG,AATATAA,7,2
AATATCTTTCGC,AATATCT,7,2
AATATTCACGTC,AATATTC,7,2
AATAGCGAATGA,AATAGCG,7,2
AATAGTTAGTGG,AATAGTT,7,2
AATAGGCCGCAA,AATAGGC,7,2
AATCAACACAGT,AATCAAC,7,2
AATCACAATACC,AATCACA,7,2
AATCATGATTGG,AATCATG,7,2
AATCAGTATCCT,AATCAGT,7,2
AATCCAAAGCTA,AATCCAA,7,2
AATCCCTAAACC,AATCCCT,7,2
AATCCGCAATAC,AATCCGC,7,2
AATCTAGCATTG,AATCTAG,7,2
AATCTGAATGCA,AATCTGA,7,2
AATCGATCCCGC,AATCGAT,7,2
AATCGCCACTGT,AATCGCC,7,2
AATCGTAAACCA,AATCGTA,7,2
AATCGGGATCTT,AATCGGG,7,2
AATTAAGACGGA,AATTAAG,7,2
AATTACTCACTC,AATTACT,7,2
AATTATCCGCTT,AATTATC,7,2
AATTAGAACCTG,AATTAGA,7,2
AATTCATACGTG,AATTCAT,7,2
AATTCCGAATGG,AATTCCG,7,2
AATTCTAAGACC,AATTCTA,7,2
AATTTACCTTCG,AATTTAC,7,2
AATTTCAACCAC,AATTTCA,7,2
AATTTGTCAGGA,AATTTGT,7,2
AATTGAACCAGC,AATTGAA,7,2
AATTGTGCTACC,AATTGTG,7,2
AATGAAACCGTG,AATGAAA,7,2
AATGATTCCATC,AATGATT,7,2
AATGCCCATAGG,AATGCCC,7,2
AATGCGGACCTA,AATGCGG,7,2
AATGTATCGCCA,AATGTAT,7,2
AATGTCGCCTCA,AATGTCG,7,2
AATGTTAACCGA,AATGTTA,7,2
AATGTGCATAGC,AATGTGC,7,2
AATGGAGCGTTT,AATGGAG,7,2
AATGGCTCCTGT,AATGGCT,7,2
AATGGTCACAGT,AATGGTC,7,2
AATGGGAACTGT,AATGGGA,7,2
AAGAACTACCGG,AAGAACT,7,2
AAGAATCAGTCA,AAGAATC,7,2
AAGAAGAAGCTC,AAGAAGA,7,2
AAGACATAGCCA,AAGACAT,7,2
AAGACCGCAAGG,AAGACCG,7,2
AAGACTACAAAC,AAGACTA,7,2
AAGATACCTACG,AAGATAC,7,2
AAGATCAATGCA,AAGATCA,7,2
AAGATTTCACAG,AAGATTT,7,2
AAGATGGATAGG,AAGATGG,7,2
AAGAGAAATGCC,AAGAGAA,7,2
AAGAGCCACGTC,AAGAGCC,7,2
AAGAGTGACTGA,AAGAGTG,7,2
AAGAGGTAACTG,AAGAGGT,7,2
AAGCAAGAAGGC,AAGCAAG,7,2
AAGCCTTTCGAC,AAGCCTT,7,2
AAGCCGGCTGAG,AAGCCGG,7,2
AAGCTCTAAGCG,AAGCTCT,7,2
AAGCTTCCGGCT,AAGCTTC,7,2
AAGCGCGACTCC,AAGCGCG,7,2
AAGCGGCAAACA,AAGCGGC,7,2
AAGTAATTGGAC,AAGTAAT,7,2
AAGTACGCGCGA,AAGTACG,7,2
AAGTATAACCAG,AAGTATA,7,2
AAGTAGCACGTG,AAGTAGC,7,2
AAGTCAGCGGCT,AAGTCAG,7,2
AAGTCCTCAGGA,AAGTCCT,7,2
AAGTCTCACTTC,AAGTCTC,7,2
AAGTCGAACCCG,AAGTCGA,7,2
AAGTTAACCCAA,AAGTTAA,7,2
AAGTTCCAAGCT,AAGTTCC,7,2
AAGTTTGAGCGA,AAGTTTG,7,2
AAGTGACAACAT,AAGTGAC,7,2
AAGTGCAAGTGG,AAGTGCA,7,2
AAGTGTTAGTGT,AAGTGTT,7,2
AAGTGGGATCTA,AAGTGGG,7,2
AAGGAACAGTCT,AAGGAAC,7,2
AAGGACAAGAAC,AAGGACA,7,2
AAGGATGCAAGT,AAGGATG,7,2
AAGGAGTATTGC,AAGGAGT,7,2
AAGGCAAAGCGA,AAGGCAA,7,2
AAGGTAGATATC,AAGGTAG,7,2
AAGGTGAACCAA,AAGGTGA,7,2
AAGGGATTTGGA,AAGGGAT,7,2
AAGGGTACGATA,AAGGGTA,7,2
ACAAACAAAGGT,ACAAACA,7,2
ACAAATCAAGCT,ACAAATC,7,2
ACAAAGTAGCGT,ACAAAGT,7,2
ACAACAACTATC,ACAACAA,7,2
ACAACCCAACAC,ACAACCC,7,2
ACAACTTAGAAC,ACAACTT,7,2
ACAACGGAGATG,ACAACGG,7,2
ACAATACACATC,ACAATAC,7,2
ACAATCTACCAT,ACAATCT,7,2
ACAATTAACCGC,ACAATTA,7,2
ACAAGATAGCAA,ACAAGAT,7,2
ACAAGCGAACTT,ACAAGCG,7,2
ACAAGGAAAGAT,ACAAGGA,7,2
ACACAACCAGCA,ACACAAC,7,2
ACACACTACTGA,ACACACT,7,2
ACACATAATGCA,ACACATA,7,2
ACACCAGATATG,ACACCAG,7,2
ACACCTCACTCG,ACACCTC,7,2
ACACCGAAAGGG,ACACCGA,7,2
ACACTAAAGCCG,ACACTAA,7,2
ACACTCCCACGT,ACACTCC,7,2
ACACTTTAGCAA,ACACTTT,7,2
ACACTGGCGGGA,ACACTGG,7,2
ACACGCAACCAT,ACACGCA,7,2
ACACGTGATCAT,ACACGTG,7,2
ACACGGCATACC,ACACGGC,7,2
ACATAAACGCTG,ACATAAA,7,2
ACATACCAAATC,ACATACC,7,2
ACATATTACACC,ACATATT,7,2
ACATAGGATCAC,ACATAGG,7,2
ACATCACACACC,ACATCAC,7,2
ACATCCACAAAG,ACATCCA,7,2
ACATCTGCGCCC,ACATCTG,7,2
ACATCGTCTTGT,ACATCGT,7,2
ACATTATAGTCC,ACATTAT,7,2
ACATTCGAAGTT,ACATTCG,7,2
ACATTGCACCTT,ACATTGC,7,2
ACATGAGAGCCG,ACATGAG,7,2
ACATGCTCAACG,ACATGCT,7,2
ACATGTCCCAGC,ACATGTC,7,2
ACAGAAGAAGAG,ACAGAAG,7,2
ACAGAGAACCGC,ACAGAGA,7,2
ACAGCATAACGG,ACAGCAT,7,2
ACAGCCGCATTC,ACAGCCG,7,2
ACAGCTAATTGG,ACAGCTA,7,2
ACAGCGCTAAAG,ACAGCGC,7,2
ACAGTCAACACT,ACAGTCA,7,2
ACAGTTCATAGA,ACAGTTC,7,2
ACAGTGTAGGGA,ACAGTGT,7,2
ACAGGAAACTGA,ACAGGAA,7,2
ACAGGCCACAAA,ACAGGCC,7,2
ACAGGTTACTAT,ACAGGTT,7,2
ACCAAATAGTCG,ACCAAAT,7,2
ACCAACCAAGAC,ACCAACC,7,2
ACCAATAAAGCG,ACCAATA,7,2
ACCAAGGCATTG,ACCAAGG,7,2
ACCACACACTGG,ACCACAC,7,2
ACCACCAAACCA,ACCACCA,7,2
ACCACTGAATCA,ACCACTG,7,2
ACCACGTATAAC,ACCACGT,7,2
ACCATAAACGGC,ACCATAA,7,2
ACCATTCCTTAA,ACCATTC,7,2
ACCAGTTACGGA,ACCAGTT,7,2
ACCCAAACCAAG,ACCCAAA,7,2
ACCCATCAATTC,ACCCATC,7,2
ACCCAGTAAGTT,ACCCAGT,7,2
ACCCTACAAACT,ACCCTAC,7,2
ACCCTCAAATGA,ACCCTCA,7,2
ACCCTTGAAATG,ACCCTTG,7,2
ACCCGATCGTTC,ACCCGAT,7,2
ACCCGCCAACAG,ACCCGCC,7,2
ACCCGTAACCTC,ACCCGTA,7,2
ACCCGGGAAAGA,ACCCGGG,7,2
ACCTAACACCAG,ACCTAAC,7,2
ACCTACAAAGTG,ACCTACA,7,2
ACCTATGAGATG,ACCTATG,7,2
ACCTCAATAAGC,ACCTCAA,7,2
ACCTCCCAGGTA,ACCTCCC,7,2
ACCTCTTAGACA,ACCTCTT,7,2
ACCTCGGAACCA,ACCTCGG,7,2
ACCTTAGCTAGT,ACCTTAG,7,2
ACCTTCTCCTCT,ACCTTCT,7,2
ACCTTTACGAAC,ACCTTTA,7,2
ACCTGCGCAGGT,ACCTGCG,7,2
ACCTGGAACCCG,ACCTGGA,7,2
ACCGACGAAAGC,ACCGACG,7,2
ACCGATTAAACC,ACCGATT,7,2
ACCGAGCACTCT,ACCGAGC,7,2
ACCGCAGACGAA,ACCGCAG,7,2
ACCGCCTATACA,ACCGCCT,7,2
ACCGCTCACTTT,ACCGCTC,7,2
ACCGCGAACGAT,ACCGCGA,7,2
ACCGTATACCAG,ACCGTAT,7,2
ACCGTCCAACGA,ACCGTCC,7,2
ACCGTGGATTGG,ACCGTGG,7,2
ACCGGACTAGCG,ACCGGAC,7,2
ACCGGCAAATGG,ACCGGCA,7,2
ACCGGTGATAGT,ACCGGTG,7,2
ACCGGGTCTACC,ACCGGGT,7,2
ACTAAACACCGC,ACTAAAC,7,2
ACTAACTCCACG,ACTAACT,7,2
ACTAATGAGACT,ACTAATG,7,2
ACTAAGAACGGC,ACTAAGA,7,2
ACTACATTAAGG,ACTACAT,7,2
ACTACCGAGCTT,ACTACCG,7,2
ACTACTACTGCC,ACTACTA,7,2
ACTACGCATTCA,ACTACGC,7,2
ACTATAGAACCA,ACTATAG,7,2
ACTATCACACTG,ACTATCA,7,2
ACTATTTCACCT,ACTATTT,7,2
ACTAGAAATACC,ACTAGAA,7,2
ACTAGCCACGAG,ACTAGCC,7,2
ACTAGGTTTCCC,ACTAGGT,7,2
ACTCAATCCGTT,ACTCAAT,7,2
ACTCACCAAGTA,ACTCACC,7,2
ACTCAGGAATGG,ACTCAGG,7,2
ACTCCACACAGG,ACTCCAC,7,2
ACTCCCAATGGA,ACTCCCA,7,2
ACTCCTTAAGAG,ACTCCTT,7,2
ACTCTCTAAATG,ACTCTCT,7,2
ACTCTTAGAAAG,ACTCTTA,7,2
ACTCTGCAGCCA,ACTCTGC,7,2
ACTCGAGATCCC,ACTCGAG,7,2
ACTCGTCACGCT,ACTCGTC,7,2
ACTCGGAAATAA,ACTCGGA,7,2
ACTTACGAACTT,ACTTACG,7,2
ACTTATAGAGGG,ACTTATA,7,2
ACTTAGCAACCC,ACTTAGC,7,2
ACTTCAGAATAG,ACTTCAG,7,2
ACTTCCTAAGGG,ACTTCCT,7,2
ACTTCTCATCCG,ACTTCTC,7,2
ACTTCGATCAAG,ACTTCGA,7,2
ACTTTAAACCCG,ACTTTAA,7,2
ACTTTCCAAGGC,ACTTTCC,7,2
ACTTTGGAAAGA,ACTTTGG,7,2
ACTTGACACAGC,ACTTGAC,7,2
ACTTGCAAAGCG,ACTTGCA,7,2
ACTTGTTACCGC,ACTTGTT,7,2
ACTGACAAAGAT,ACTGACA,7,2
ACTGATCTTCAT,ACTGATC,7,2
ACTGAGTACGCT,ACTGAGT,7,2
ACTGCAAATGTA,ACTGCAA,7,2
ACTGCTGACATC,ACTGCTG,7,2
ACTGTACAACAC,ACTGTAC,7,2
ACTGTGAACGGG,ACTGTGA,7,2
ACTGGATAACAT,ACTGGAT,7,2
ACTGGCGTCAGA,ACTGGCG,7,2
ACTGGTACGGGT,ACTGGTA,7,2
ACTGGGCCTCGT,ACTGGGC,7,2
ACGAAAGACAAT,ACGAAAG,7,2
ACGAATTACGTT,ACGAATT,7,2
ACGAAGCATGCA,ACGAAGC,7,2
ACGACCTCTACT,ACGACCT,7,2
ACGACTCAGGCA,ACGACTC,7,2
ACGACGACACTA,ACGACGA,7,2
ACGATATACGCG,ACGATAT,7,2
ACGATCCCATAC,ACGATCC,7,2
ACGATTGACATC,ACGATTG,7,2
ACGAGACAGATA,ACGAGAC,7,2
ACGAGCAACAAT,ACGAGCA,7,2
ACGAGGGATTCA,ACGAGGG,7,2
ACGCACACTCGA,ACGCACA,7,2
ACGCATGAGCAT,ACGCATG,7,2
ACGCCAAATGTT,ACGCCAA,7,2
ACGCCCGAATGC,ACGCCCG,7,2
ACGCCGCACTCT,ACGCCGC,7,2
ACGCTAGAATCG,ACGCTAG,7,2
ACGCTGAATCTA,ACGCTGA,7,2
ACGCGCTCTTGT,ACGCGCT,7,2
ACGTACTAATTG,ACGTACT,7,2
ACGTATCTAAGC,ACGTATC,7,2
ACGTAGAATAAC,ACGTAGA,7,2
ACGTCATATCCA,ACGTCAT,7,2
ACGTCTAACTTA,ACGTCTA,7,2
ACGTTACACAAG,ACGTTAC,7,2
ACGTTCAACGGG,ACGTTCA,7,2
ACGTTGTCAGAT,ACGTTGT,7,2
ACGTGAAATGAT,ACGTGAA,7,2
ACGTGCCAACTT,ACGTGCC,7,2
ACGTGTGAAATT,ACGTGTG,7,2
ACGGAAATAGCA,ACGGAAA,7,2
ACGGACCCAGAC,ACGGACC,7,2
ACGGAGGAAGTT,ACGGAGG,7,2
ACGGCACAAACC,ACGGCAC,7,2
ACGGCCAACGAG,ACGGCCA,7,2
ACGGCTTAATGT,ACGGCTT,7,2
ACGGTCTATAGT,ACGGTCT,7,2
ACGGTTAATCTT,ACGGTTA,7,2
ACGGTGCATGCG,ACGGTGC,7,2
ACGGGAGCGATG,ACGGGAG,7,2
ACGGGTCACTTA,ACGGGTC,7,2
ATAAACCACTGA,ATAAACC,7,2
ATAAATACTCGC,ATAAATA,7,2
ATAAAGGAATCC,ATAAAGG,7,2
ATAACACACGGC,ATAACAC,7,2
ATAACCAAATGG,ATAACCA,7,2
ATAACTGCGTCT,ATAACTG,7,2
ATAACGTCCACA,ATAACGT,7,2
ATAATATCGGTG,ATAATAT,7,2
ATAATCGACATG,ATAATCG,7,2
ATAATTCACTGC,ATAATTC,7,2
ATAATGAAGAGG,ATAATGA,7,2
ATAAGAAAGCGT,ATAAGAA,7,2
ATAAGCTAACAG,ATAAGCT,7,2
ATAAGGCATGTG,ATAAGGC,7,2
ATACAATAGCTC,ATACAAT,7,2
ATACACAACTTG,ATACACA,7,2
ATACATCACAGT,ATACATC,7,2
ATACCAAATACC,ATACCAA,7,2
ATACCCTACGCC,ATACCCT,7,2
ATACCGCATATC,ATACCGC,7,2
ATACTACGCTCC,ATACTAC,7,2
ATACTTGACTGA,ATACTTG,7,2
ATACTGTAGCAT,ATACTGT,7,2
ATACGCCCTATA,ATACGCC,7,2
ATACGTACCTCA,ATACGTA,7,2
ATACGGGATAGT,ATACGGG,7,2
ATATAAGGAGCG,ATATAAG,7,2
ATATACTTCCAG,ATATACT,7,2
ATATAGACCTGT,ATATAGA,7,2
ATATCATACGCA,ATATCAT,7,2
ATATCCGAAGGT,ATATCCG,7,2
ATATCTATGAGC,ATATCTA,7,2
ATATTAACACGG,ATATTAA,7,2
ATATTCCAACGC,ATATTCC,7,2
ATATTGGCGTAC,ATATTGG,7,2
ATATGACTTCCT,ATATGAC,7,2
ATATGCAACACC,ATATGCA,7,2
ATATGTTCCTTC,ATATGTT,7,2
ATAGAAACGTTG,ATAGAAA,7,2
ATAGATTTCGCT,ATAGATT,7,2
ATAGCCCAAACC,ATAGCCC,7,2
ATAGCGGCCTTT,ATAGCGG,7,2
ATAGTAGCATCT,ATAGTAG,7,2
ATAGTCTATGCC,ATAGTCT,7,2
ATAGTGCAAGGC,ATAGTGC,7,2
ATAGGATACTAC,ATAGGAT,7,2
ATAGGCGAATGG,ATAGGCG,7,2
ATAGGTCAGTCC,ATAGGTC,7,2
ATAGGGAATTGC,ATAGGGA,7,2
ATCAAAGATGTG,ATCAAAG,7,2
ATCAACTTACCG,ATCAACT,7,2
ATCAATCACGGC,ATCAATC,7,2
ATCAAGATATCG,ATCAAGA,7,2
ATCACATAAGTC,ATCACAT,7,2
ATCACCGCACGA,ATCACCG,7,2
ATCACTACCGTT,ATCACTA,7,2
ATCACGCAACGT,ATCACGC,7,2
ATCATACAGGGA,ATCATAC,7,2
ATCATCACCCGA,ATCATCA,7,2
ATCATTTAGCAC,ATCATTT,7,2
ATCATGGACATC,ATCATGG,7,2
ATCAGCCAAACT,ATCAGCC,7,2
ATCAGGTAAGGC,ATCAGGT,7,2
ATCCAACAAGAA,ATCCAAC,7,2
ATCCATTCGCTC,ATCCATT,7,2
ATCCAGGATGGC,ATCCAGG,7,2
ATCCCTGTATCT,ATCCCTG,7,2
ATCCCGTACTGC,ATCCCGT,7,2
ATCCTATACCGC,ATCCTAT,7,2
ATCCTCGACAAC,ATCCTCG,7,2
ATCCTTAACCTG,ATCCTTA,7,2
ATCCTGCACCGA,ATCCTGC,7,2
ATCCGAAACCGA,ATCCGAA,7,2
ATCCGCTCCATT,ATCCGCT,7,2
ATCCGTCTAGTG,ATCCGTC,7,2
ATCTAATACCCT,ATCTAAT,7,2
ATCTACGAAGTT,ATCTACG,7,2
ATCTATAACTGC,ATCTATA,7,2
ATCTAGCAGGTC,ATCTAGC,7,2
ATCTCAGACTCG,ATCTCAG,7,2
ATCTCCTATGTA,ATCTCCT,7,2
ATCTCTCAAAGC,ATCTCTC,7,2
ATCTCGACATTT,ATCTCGA,7,2
ATCTTTGCATTC,ATCTTTG,7,2
ATCTTGTCTCCC,ATCTTGT,7,2
ATCTGGGATGTG,ATCTGGG,7,2
ATCGACAATGCT,ATCGACA,7,2
ATCGATGACTAT,ATCGATG,7,2
ATCGAGTACTAA,ATCGAGT,7,2
ATCGCAACATAC,ATCGCAA,7,2
ATCGCTTAACTA,ATCGCTT,7,2
ATCGTTCAGCCT,ATCGTTC,7,2
ATCGTGACTGCT,ATCGTGA,7,2
ATCGGAGTAGTG,ATCGGAG,7,2
ATCGGTACGCCG,ATCGGTA,7,2
ATCGGGCAATCG,ATCGGGC,7,2
ATTAACAACCCT,ATTAACA,7,2
ATTAAGCAGAAG,ATTAAGC,7,2
ATTACAACAGCT,ATTACAA,7,2
ATTACCCAACGC,ATTACCC,7,2
ATTACTTGACGG,ATTACTT,7,2
ATTACGGCGCCG,ATTACGG,7,2
ATTATTACCGCT,ATTATTA,7,2
ATTATGTACTGG,ATTATGT,7,2
ATTAGACACAAC,ATTAGAC,7,2
ATTAGTGAGTAC,ATTAGTG,7,2
ATTAGGACATTG,ATTAGGA,7,2
ATTCAAACTCTC,ATTCAAA,7,2
ATTCACTACTAG,ATTCACT,7,2
ATTCCATATGCT,ATTCCAT,7,2
ATTCCCGAAACT,ATTCCCG,7,2
ATTCCTACCATT,ATTCCTA,7,2
ATTCTCAATCAG,ATTCTCA,7,2
ATTCTTCAGTTC,ATTCTTC,7,2
ATTCTGGAATGT,ATTCTGG,7,2
ATTCGTTAGCAG,ATTCGTT,7,2
ATTCGGCAACTC,ATTCGGC,7,2
ATTTAACTGCGT,ATTTAAC,7,2
ATTTATTGCGAG,ATTTATT,7,2
ATTTAGGCATCG,ATTTAGG,7,2
ATTTCCACTAGA,ATTTCCA,7,2
ATTTCGCATCAC,ATTTCGC,7,2
ATTTGATCGCTT,ATTTGAT,7,2
ATTTGCCAAGCT,ATTTGCC,7,2
ATTTGTACCGAG,ATTTGTA,7,2
ATTGAATACGGG,ATTGAAT,7,2
ATTGACCAGGCT,ATTGACC,7,2
ATTGATAGCAGA,ATTGATA,7,2
ATTGCACAGTTG,ATTGCAC,7,2
ATTGCCTAATTC,ATTGCCT,7,2
ATTGCGAATATG,ATTGCGA,7,2
ATTGTAAGACCA,ATTGTAA,7,2
ATTGTTTCGTGG,ATTGTTT,7,2
ATTGGCAACCCG,ATTGGCA,7,2
ATTGGGTAAGAC,ATTGGGT,7,2
ATGAAACAACGA,ATGAAAC,7,2
ATGAACGAGAGG,ATGAACG,7,2
ATGAAGTACGGC,ATGAAGT,7,2
ATGACAGACTTT,ATGACAG,7,2
ATGATAAACGAC,ATGATAA,7,2
ATGATCTAAAGC,ATGATCT,7,2
ATGATGCATTGA,ATGATGC,7,2
ATGAGATACTTG,ATGAGAT,7,2
ATGAGTATCTGC,ATGAGTA,7,2
ATGCACCAAGTT,ATGCACC,7,2
ATGCATAACATG,ATGCATA,7,2
ATGCCACAATAG,ATGCCAC,7,2
ATGCCCAACGGC,ATGCCCA,7,2
ATGCTTTAGCGG,ATGCTTT,7,2
ATGCGAGCCTAC,ATGCGAG,7,2
ATGCGGAAATTC,ATGCGGA,7,2
ATGTAAAGGTAG,ATGTAAA,7,2
ATGTATGAAGTG,ATGTATG,7,2
ATGTCCCAGCAC,ATGTCCC,7,2
ATGTCTTATGCT,ATGTCTT,7,2
ATGTCGGCATAT,ATGTCGG,7,2
ATGTTAGAGAAC,ATGTTAG,7,2
ATGTTTAACGCT,ATGTTTA,7,2
ATGTGCTCTATC,ATGTGCT,7,2
ATGTGTCACACC,ATGTGTC,7,2
ATGGAAGAATGG,ATGGAAG,7,2
ATGGACTAACTC,ATGGACT,7,2
ATGGATCCCGAG,ATGGATC,7,2
ATGGAGAACAGA,ATGGAGA,7,2
ATGGCATAGTTC,ATGGCAT,7,2
ATGGCCGAATCG,ATGGCCG,7,2
ATGGCTAAGAGA,ATGGCTA,7,2
ATGGCGCATCGT,ATGGCGC,7,2
ATGGTACAAACA,ATGGTAC,7,2
ATGGTCAAGGGA,ATGGTCA,7,2
ATGGTTGATACC,ATGGTTG,7,2
ATGGTGTGTCTC,ATGGTGT,7,2
ATGGGAAACTTT,ATGGGAA,7,2
ATGGGCCATGCC,ATGGGCC,7,2
ATGGGTTCTGTC,ATGGGTT,7,2
AGAAACTCCAGC,AGAAACT,7,2
AGAAATGTCTCG,AGAAATG,7,2
AGAAAGACCGGC,AGAAAGA,7,2
AGAACATAAGGC,AGAACAT,7,2
AGAACCGACCTA,AGAACCG,7,2
AGAACTAAGCCA,AGAACTA,7,2
AGAACGCATCTA,AGAACGC,7,2
AGAATAAATCCC,AGAATAA,7,2
AGAATCCCTTAC,AGAATCC,7,2
AGAATTTCTGCT,AGAATTT,7,2
AGAATGGCCTAA,AGAATGG,7,2
AGAAGAGCCCGT,AGAAGAG,7,2
AGAAGCAACCGC,AGAAGCA,7,2
AGAAGTCAATTG,AGAAGTC,7,2
AGAAGGTCCAGT,AGAAGGT,7,2
AGACAAGATCAT,AGACAAG,7,2
AGACAGCCAACT,AGACAGC,7,2
AGACCTTATGAC,AGACCTT,7,2
AGACCGGAGTAT,AGACCGG,7,2
AGACTCAACAAT,AGACTCA,7,2
AGACTTCCAGAA,AGACTTC,7,2
AGACGAAAGTTG,AGACGAA,7,2
AGACGCGAGGCA,AGACGCG,7,2
AGATAATCCCTG,AGATAAT,7,2
AGATACGATGTA,AGATACG,7,2
AGATATACGTAG,AGATATA,7,2
AGATCAGACTGA,AGATCAG,7,2
AGATCCTCATCC,AGATCCT,7,2
AGATCTCAATGC,AGATCTC,7,2
AGATCGACTTCT,AGATCGA,7,2
AGATTACACCTA,AGATTAC,7,2
AGATTTGAGAGT,AGATTTG,7,2
AGATTGTCCAAC,AGATTGT,7,2
AGATGCCAGCGC,AGATGCC,7,2
AGATGGGCACAG,AGATGGG,7,2
AGAGAACAATCT,AGAGAAC,7,2
AGAGACAAATCC,AGAGACA,7,2
AGAGAGTATCAT,AGAGAGT,7,2
AGAGCAAATAGG,AGAGCAA,7,2
AGAGCTGAAAGA,AGAGCTG,7,2
AGAGTATACTCC,AGAGTAT,7,2
AGAGTCGAATCT,AGAGTCG,7,2
AGAGTTAATGTC,AGAGTTA,7,2
AGAGGCTCAACC,AGAGGCT,7,2
AGAGGGCAGGCT,AGAGGGC,7,2
AGCAACGAATAA,AGCAACG,7,2
AGCAATTAAGTC,AGCAATT,7,2
AGCAAGCATGCG,AGCAAGC,7,2
AGCACAGAAACT,AGCACAG,7,2
AGCACCTTGGCA,AGCACCT,7,2
AGCACTCCTGAA,AGCACTC,7,2
AGCACGAATTTA,AGCACGA,7,2
AGCATTGAACCG,AGCATTG,7,2
AGCATGTAAAGA,AGCATGT,7,2
AGCAGAAAGTTC,AGCAGAA,7,2
AGCAGGGAGAGG,AGCAGGG,7,2
AGCCACACCAGC,AGCCACA,7,2
AGCCATGGATAC,AGCCATG,7,2
AGCCCAAATTGA,AGCCCAA,7,2
AGCCCGCATATA,AGCCCGC,7,2
AGCCTAGACACC,AGCCTAG,7,2
AGCCTCTAACGC,AGCCTCT,7,2
AGCCTGATTCAA,AGCCTGA,7,2
AGCCGTTATCTT,AGCCGTT,7,2
AGCTAAGACTTG,AGCTAAG,7,2
AGCTACTATGTC,AGCTACT,7,2
AGCTATCATCGC,AGCTATC,7,2
AGCTAGAATAGT,AGCTAGA,7,2
AGCTCATAATCG,AGCTCAT,7,2
AGCTCCGAATCC,AGCTCCG,7,2
AGCTCTAAAGTG,AGCTCTA,7,2
AGCTTAAATGGA,AGCTTAA,7,2
AGCTTCCATGTT,AGCTTCC,7,2
AGCTTGGAAACC,AGCTTGG,7,2
AGCTGACACTTA,AGCTGAC,7,2
AGCTGCAACGAG,AGCTGCA,7,2
AGCTGTGCCGCT,AGCTGTG,7,2
AGCTGGTAGAGA,AGCTGGT,7,2
AGCGAAACTTTA,AGCGAAA,7,2
AGCGACCATATT,AGCGACC,7,2
AGCGAGGCACCT,AGCGAGG,7,2
AGCGCACCACAC,AGCGCAC,7,2
AGCGCCAAGTTG,AGCGCCA,7,2
AGCGCGTACCGA,AGCGCGT,7,2
AGCGTTTATCGG,AGCGTTT,7,2
AGCGTGCCTGTC,AGCGTGC,7,2
AGCGGATAGCCT,AGCGGAT,7,2
AGCGGCGCATAT,AGCGGCG,7,2
AGCGGTCACGCT,AGCGGTC,7,2
AGCGGGAAGAAG,AGCGGGA,7,2
AGTAAAGACATG,AGTAAAG,7,2
AGTAATCATTCG,AGTAATC,7,2
AGTAAGTTCCTA,AGTAAGT,7,2
AGTATACAACTC,AGTATAC,7,2
AGTATCGACGGG,AGTATCG,7,2
AGTATGAATCCA,AGTATGA,7,2
AGTAGATCTTCC,AGTAGAT,7,2
AGTAGTAACATC,AGTAGTA,7,2
AGTCACGAAAGA,AGTCACG,7,2
AGTCATAACGAG,AGTCATA,7,2
AGTCCAGAACCA,AGTCCAG,7,2
AGTCCTCACCCT,AGTCCTC,7,2
AGTCCGAACAAT,AGTCCGA,7,2
AGTCTAACCCGT,AGTCTAA,7,2
AGTCTCCATTTC,AGTCTCC,7,2
AGTCTTTCTCAT,AGTCTTT,7,2
AGTCGACAGTAA,AGTCGAC,7,2
AGTCGCAAGGCC,AGTCGCA,7,2
AGTCGTGAGTTG,AGTCGTG,7,2
AGTCGGTAGCAC,AGTCGGT,7,2
AGTTAAACGGCC,AGTTAAA,7,2
AGTTACCAACAG,AGTTACC,7,2
AGTTATGAAGGG,AGTTATG,7,2
AGTTCACGGACG,AGTTCAC,7,2
AGTTCTTCTCCT,AGTTCTT,7,2
AGTTCGGATAAC,AGTTCGG,7,2
AGTTTATAGCGT,AGTTTAT,7,2
AGTTTGCATACA,AGTTTGC,7,2
AGTTGAGCGGAG,AGTTGAG,7,2
AGTTGCTAAGCA,AGTTGCT,7,2
AGTTGTCAGAGC,AGTTGTC,7,2
AGTTGGACAACA,AGTTGGA,7,2
AGTGACTACGCG,AGTGACT,7,2
AGTGAGACTTGC,AGTGAGA,7,2
AGTGCATTAATG,AGTGCAT,7,2
AGTGCCGATACA,AGTGCCG,7,2
AGTGCTATCTCT,AGTGCTA,7,2
AGTGCGCAGACA,AGTGCGC,7,2
AGTGTAGATGAA,AGTGTAG,7,2
AGTGTCAAAGCT,AGTGTCA,7,2
AGTGTTCCCGGT,AGTGTTC,7,2
AGTGTGTAATCC,AGTGTGT,7,2
AGTGGAAACCAG,AGTGGAA,7,2
AGTGGCCATCAG,AGTGGCC,7,2
AGTGGTTCCAAT,AGTGGTT,7,2
AGGAAATAAACC,AGGAAAT,7,2
AGGAACAAATAG,AGGAACA,7,2
AGGAAGGTGGAG,AGGAAGG,7,2
AGGACAAATGGT,AGGACAA,7,2
AGGACCCACCGT,AGGACCC,7,2
AGGACTTACCCA,AGGACTT,7,2
AGGATAGAATTC,AGGATAG,7,2
AGGATTACCGGT,AGGATTA,7,2
AGGAGCTACAAG,AGGAGCT,7,2
AGGAGGAAGTGA,AGGAGGA,7,2
AGGCAAACTGAT,AGGCAAA,7,2
AGGCACTACGTA,AGGCACT,7,2
AGGCATCTCTGA,AGGCATC,7,2
AGGCCATATAGG,AGGCCAT,7,2
AGGCCTACGACC,AGGCCTA,7,2
AGGCTACAACAA,AGGCTAC,7,2
AGGCTCGACAGG,AGGCTCG,7,2
AGGCTGTACATG,AGGCTGT,7,2
AGGCGCCTACGA,AGGCGCC,7,2
AGGCGGGACTTA,AGGCGGG,7,2
AGGTAACATATC,AGGTAAC,7,2
AGGTATTAATGG,AGGTATT,7,2
AGGTCCACCAAG,AGGTCCA,7,2
AGGTCTGAACAG,AGGTCTG,7,2
AGGTCGCCCGTT,AGGTCGC,7,2
AGGTTCTCGCAC,AGGTTCT,7,2
AGGTTTCACAAC,AGGTTTC,7,2
AGGTTGAAGGTC,AGGTTGA,7,2
AGGTGATAGGCA,AGGTGAT,7,2
AGGTGCGCAATA,AGGTGCG,7,2
AGGTGTAAACCA,AGGTGTA,7,2
AGGGACGATCAA,AGGGACG,7,2
AGGGATAAACTA,AGGGATA,7,2
AGGGAGCACCAG,AGGGAGC,7,2
AGGGCAGACAAT,AGGGCAG,7,2
AGGGCCTAGTCG,AGGGCCT,7,2
AGGGCTCAGGAG,AGGGCTC,7,2
AGGGCGAATCGA,AGGGCGA,7,2
AGGGTAAAGCCT,AGGGTAA,7,2
AGGGTCCACCCA,AGGGTCC,7,2
AGGGTGGTCATG,AGGGTGG,7,2
CAAACAAAGTGG,CAAACAA,7,2
CAAACCCACACA,CAAACCC,7,2
CAAACTTACTTG,CAAACTT,7,2
CAAACGGACTTT,CAAACGG,7,2
CAAATACCCGGA,CAAATAC,7,2
CAAATCACACTG,CAAATCA,7,2
CAAATTGATCCT,CAAATTG,7,2
CAAATGTCCTCA,CAAATGT,7,2
CAAAGATACGCC,CAAAGAT,7,2
CAAAGCGCACGC,CAAAGCG,7,2
CAAAGTACCCAG,CAAAGTA,7,2
CAAAGGCCATTT,CAAAGGC,7,2
CAACAACTAGAT,CAACAAC,7,2
CAACACACCAGC,CAACACA,7,2
CAACATGACCTA,CAACATG,7,2
CAACAGTAAGGC,CAACAGT,7,2
CAACCATACGAA,CAACCAT,7,2
CAACCCGCAAGA,CAACCCG,7,2
CAACCTAAACCA,CAACCTA,7,2
CAACCGCCAGTT,CAACCGC,7,2
CAACTAAAGGCA,CAACTAA,7,2
CAACTCCCTTAC,CAACTCC,7,2
CAACTTTAAGGA,CAACTTT,7,2
CAACTGGAGGTA,CAACTGG,7,2
CAATAATCCAAC,CAATAAT,7,2
CAATACCCAAGC,CAATACC,7,2
CAATATACCACA,CAATATA,7,2
CAATAGGAATGG,CAATAGG,7,2
CAATCACAATGC,CAATCAC,7,2
CAATCCAAGCCG,CAATCCA,7,2
CAATCTGCTCGT,CAATCTG,7,2
CAATCGTATCCA,CAATCGT,7,2
CAATTCGCGTAC,CAATTCG,7,2
CAATTGCACAAC,CAATTGC,7,2
CAATGAACGCGC,CAATGAA,7,2
CAATGCTACCAA,CAATGCT,7,2
CAATGTCACGAG,CAATGTC,7,2
CAAGAAATAGGA,CAAGAAA,7,2
CAAGACTAAGAT,CAAGACT,7,2
CAAGATCACAAT,CAAGATC,7,2
CAAGTATCACGA,CAAGTAT,7,2
CAAGTTAACAAC,CAAGTTA,7,2
CAAGGAGCCTGT,CAAGGAG,7,2
CAAGGCCAATGC,CAAGGCC,7,2
CAAGGTTACCGT,CAAGGTT,7,2
CAAGGGAAACTT,CAAGGGA,7,2
CACAAATAACCT,CACAAAT,7,2
CACAACCAACCA,CACAACC,7,2
CACAATAAATCG,CACAATA,7,2
CACAAGGCATCT,CACAAGG,7,2
CACACACATAGC,CACACAC,7,2
CACACCACATAA,CACACCA,7,2
CACACTGAAATA,CACACTG,7,2
CACACGTATATA,CACACGT,7,2
CACATAAACCCG,CACATAA,7,2
CACATCTCTAAT,CACATCT,7,2
CACATTCAACTA,CACATTC,7,2
CACAGTTATGCC,CACAGTT,7,2
CACCAAACAGTG,CACCAAA,7,2
CACCACTCACTT,CACCACT,7,2
CACCATCCCTTT,CACCATC,7,2
CACCCTTCAGCT,CACCCTT,7,2
CACCCGGATCGA,CACCCGG,7,2
CACCTACAACCT,CACCTAC,7,2
CACCTCAAATCC,CACCTCA,7,2
CACCTTGATCGT,CACCTTG,7,2
CACCTGTCACAC,CACCTGT,7,2
CACCGATTACCA,CACCGAT,7,2
CACCGCCAACGT,CACCGCC,7,2
CACCGTAATAGT,CACCGTA,7,2
CACTAACACCTA,CACTAAC,7,2
CACTACAATGGT,CACTACA,7,2
CACTATGAATGA,CACTATG,7,2
CACTAGTAGGCG,CACTAGT,7,2
CACTCAAAGCCC,CACTCAA,7,2
CACTCCCAACAG,CACTCCC,7,2
CACTTATACTAC,CACTTAT,7,2
CACTTTAAAGCT,CACTTTA,7,2
CACTTGGAATTC,CACTTGG,7,2
CACTGAGCCGTG,CACTGAG,7,2
CACTGGACTGGT,CACTGGA,7,2
CACGACGAATCC,CACGACG,7,2
CACGATTATGAA,CACGATT,7,2
CACGAGCAGCTC,CACGAGC,7,2
CACGCAGAAACA,CACGCAG,7,2
CACGCCTCGACT,CACGCCT,7,2
CACGCTCAATCA,CACGCTC,7,2
CACGCGAAGGAC,CACGCGA,7,2
CACGTCCATAAC,CACGTCC,7,2
CACGGACATTGA,CACGGAC,7,2
CACGGCAATCTA,CACGGCA,7,2
CACGGTGTAATC,CACGGTG,7,2
CACGGGTAACGC,CACGGGT,7,2
CATAAACAAGGT,CATAAAC,7,2
CATAACAACGAC,CATAACA,7,2
CATAATTAACGG,CATAATT,7,2
CATACATCTGAA,CATACAT,7,2
CATACCGAAGCG,CATACCG,7,2
CATACTAAGCGT,CATACTA,7,2
CATACGCCACTG,CATACGC,7,2
CATATAGACTCT,CATATAG,7,2
CATATCCAATCT,CATATCC,7,2
CATATGAATGGG,CATATGA,7,2
CATAGAAAGTCT,CATAGAA,7,2
CATAGCTAACAC,CATAGCT,7,2
CATAGTCCTAAC,CATAGTC,7,2
CATAGGGACATT,CATAGGG,7,2
CATCAATCTGGC,CATCAAT,7,2
CATCACCAACAT,CATCACC,7,2
CATCATATGGAG,CATCATA,7,2
CATCAGGAAACG,CATCAGG,7,2
CATCCACCGCCT,CATCCAC,7,2
CATCCCAATGAG,CATCCCA,7,2
CATCCTGAAGCT,CATCCTG,7,2
CATCCGTACCGC,CATCCGT,7,2
CATCTCTACTTG,CATCTCT,7,2
CATCTTCCTGCG,CATCTTC,7,2
CATCGAGAACTG,CATCGAG,7,2
CATCGTTCATAC,CATCGTT,7,2
CATCGGACAACC,CATCGGA,7,2
CATTAAACTGCG,CATTAAA,7,2
CATTACGTCATA,CATTACG,7,2
CATTAGCTCTCA,CATTAGC,7,2
CATTCAGAAAGA,CATTCAG,7,2
CATTCCTAACCT,CATTCCT,7,2
CATTCTCTAAGT,CATTCTC,7,2
CATTCGAAGAGC,CATTCGA,7,2
CATTGACTCGGA,CATTGAC,7,2
CATTGCAATCGG,CATTGCA,7,2
CATTGGTATCCC,CATTGGT,7,2
CATGAAGAATAG,CATGAAG,7,2
CATGAGACCGCC,CATGAGA,7,2
CATGCAACAGAC,CATGCAA,7,2
CATGCTTTATAC,CATGCTT,7,2
CATGTACAACCC,CATGTAC,7,2
CATGTCAAGTAT,CATGTCA,7,2
CATGTTGATGAT,CATGTTG,7,2
CATGTGTCTTAT,CATGTGT,7,2
CATGGATAAGTA,CATGGAT,7,2
CATGGCGCAAGC,CATGGCG,7,2
CATGGTAATTCG,CATGGTA,7,2
CATGGGCATCTG,CATGGGC,7,2
CAGAAAGCATGA,CAGAAAG,7,2
CAGAAGCCAGTT,CAGAAGC,7,2
CAGACCTACACT,CAGACCT,7,2
CAGACTCATTAA,CAGACTC,7,2
CAGACGACCACA,CAGACGA,7,2
CAGATATCCAAA,CAGATAT,7,2
CAGATCGATTAC,CAGATCG,7,2
CAGATTAAGCAT,CAGATTA,7,2
CAGAGACCGGGT,CAGAGAC,7,2
CAGAGCAACGCT,CAGAGCA,7,2
CAGCACGATGTA,CAGCACG,7,2
CAGCATTAAGGG,CAGCATT,7,2
CAGCAGAAGCCG,CAGCAGA,7,2
CAGCCAACATAT,CAGCCAA,7,2
CAGCTAGCTCAA,CAGCTAG,7,2
CAGCTGCATTCC,CAGCTGC,7,2
CAGCGCTCACCT,CAGCGCT,7,2
CAGCGTCAAGAT,CAGCGTC,7,2
CAGCGGGATTAA,CAGCGGG,7,2
CAGTACTACTAA,CAGTACT,7,2
CAGTATCCGAGG,CAGTATC,7,2
CAGTCATAAGAT,CAGTCAT,7,2
CAGTCCGAACGT,CAGTCCG,7,2
CAGTCTAACGCG,CAGTCTA,7,2
CAGTCGCACAAG,CAGTCGC,7,2
CAGTTACCCTTA,CAGTTAC,7,2
CAGTTCAAAGGC,CAGTTCA,7,2
CAGTTGTAGATG,CAGTTGT,7,2
CAGTGCCCTGAA,CAGTGCC,7,2
CAGTGTGACACA,CAGTGTG,7,2
CAGGAATAACGC,CAGGAAT,7,2
CAGGACCAAGAC,CAGGACC,7,2
CAGGATAAATTG,CAGGATA,7,2
CAGGAGGACGTG,CAGGAGG,7,2
CAGGCACACTAA,CAGGCAC,7,2
CAGGCCAAATCG,CAGGCCA,7,2
CAGGCTGACTTT,CAGGCTG,7,2
CAGGCGTATTCA,CAGGCGT,7,2
CAGGTAACAATA,CAGGTAA,7,2
CAGGTCTAACAA,CAGGTCT,7,2
CAGGTTCAATTT,CAGGTTC,7,2
CCAAACCAATCG,CCAAACC,7,2
CCAAATAATACC,CCAAATA,7,2
CCAAAGGCCCTA,CCAAAGG,7,2
CCAACACCTAGT,CCAACAC,7,2
CCAACCAAGATT,CCAACCA,7,2
CCAACTGAAGAG,CCAACTG,7,2
CCAACGTAATAG,CCAACGT,7,2
CCAATAACAACG,CCAATAA,7,2
CCAATCGAACCA,CCAATCG,7,2
CCAATTCAAGCA,CCAATTC,7,2
CCAAGAGAGAAG,CCAAGAG,7,2
CCAAGCTATGAA,CCAAGCT,7,2
CCACAAACCTGG,CCACAAA,7,2
CCACACGAAGGC,CCACACG,7,2
CCACATCCCACT,CCACATC,7,2
CCACCCTAGACG,CCACCCT,7,2
CCACCGGTATCC,CCACCGG,7,2
CCACTACAATCA,CCACTAC,7,2
CCACTCAATTCT,CCACTCA,7,2
CCACTTGACCAG,CCACTTG,7,2
CCACTGTACTTG,CCACTGT,7,2
CCACGATAACTC,CCACGAT,7,2
CCACGCCTAACA,CCACGCC,7,2
CCACGTAACCAA,CCACGTA,7,2
CCATAACAGGTT,CCATAAC,7,2
CCATACACAGAA,CCATACA,7,2
CCATATGATGTA,CCATATG,7,2
CCATAGTCCTGT,CCATAGT,7,2
CCATCAAACACA,CCATCAA,7,2
CCATCCCATATC,CCATCCC,7,2
CCATCTTACCGG,CCATCTT,7,2
CCATTAGAGAGA,CCATTAG,7,2
CCATTCTCGTAA,CCATTCT,7,2
CCATTTAATTGC,CCATTTA,7,2
CCATGCGATATA,CCATGCG,7,2
CCATGGAACATC,CCATGGA,7,2
CCAGAATAGAGA,CCAGAAT,7,2
CCAGAGCCCTAA,CCAGAGC,7,2
CCAGCAGACTCG,CCAGCAG,7,2
CCAGCTCACGAC,CCAGCTC,7,2
CCAGCGATTCTC,CCAGCGA,7,2
CCAGTCCAAGTG,CCAGTCC,7,2
CCAGTTTAGATA,CCAGTTT,7,2
CCAGTGGCCAAA,CCAGTGG,7,2
CCAGGACAATAC,CCAGGAC,7,2
CCAGGCAACATA,CCAGGCA,7,2
CCAGGTGAACGC,CCAGGTG,7,2
CCAGGGTAGGAA,CCAGGGT,7,2
CCCAAACAATCT,CCCAAAC,7,2
CCCAACAATCGA,CCCAACA,7,2
CCCAATTAAGAG,CCCAATT,7,2
CCCACAAACGTG,CCCACAA,7,2
CCCACCCATCTA,CCCACCC,7,2
CCCACGGAAACA,CCCACGG,7,2
CCCATATATTCT,CCCATAT,7,2
CCCATTACGAGC,CCCATTA,7,2
CCCATGCGAACG,CCCATGC,7,2
CCCAGCGCCAAA,CCCAGCG,7,2
CCCAGTCAGACT,CCCAGTC,7,2
CCCAGGAAAGCG,CCCAGGA,7,2
CCCTAAACTATA,CCCTAAA,7,2
CCCTACCATACT,CCCTACC,7,2
CCCTAGGAGAGG,CCCTAGG,7,2
CCCTCACAACCA,CCCTCAC,7,2
CCCTCCAAAGCA,CCCTCCA,7,2
CCCTCTGATCGA,CCCTCTG,7,2
CCCTCGTAAGAA,CCCTCGT,7,2
CCCTTCGAAGCG,CCCTTCG,7,2
CCCTTTCAAGAG,CCCTTTC,7,2
CCCTTGAATTTG,CCCTTGA,7,2
CCCTGATATGGA,CCCTGAT,7,2
CCCTGTAATGTC,CCCTGTA,7,2
CCCTGGCACTTA,CCCTGGC,7,2
CCCGAAGAGACA,CCCGAAG,7,2
CCCGACTAACCC,CCCGACT,7,2
CCCGATAAAGCC,CCCGATA,7,2
CCCGCATCCAAA,CCCGCAT,7,2
CCCGCCGAAGAT,CCCGCCG,7,2
CCCGTAAATATC,CCCGTAA,7,2
CCCGTTGATCGG,CCCGTTG,7,2
CCCGTGTCATGG,CCCGTGT,7,2
CCCGGCCCTATT,CCCGGCC,7,2
CCCGGTTATGAT,CCCGGTT,7,2
CCTAAATAGGGT,CCTAAAT,7,2
CCTAACGGCTGT,CCTAACG,7,2
CCTAATCACGCT,CCTAATC,7,2
CCTACAGCGTCA,CCTACAG,7,2
CCTACCTCCAGG,CCTACCT,7,2
CCTACGACGTCT,CCTACGA,7,2
CCTATACATTGC,CCTATAC,7,2
CCTATTGAAGAT,CCTATTG,7,2
CCTATGTATGCG,CCTATGT,7,2
CCTAGCAAACGT,CCTAGCA,7,2
CCTAGTTGTTTC,CCTAGTT,7,2
CCTAGGCATAGC,CCTAGGC,7,2
CCTCAACATGTT,CCTCAAC,7,2
CCTCACAAATAC,CCTCACA,7,2
CCTCATTACGAA,CCTCATT,7,2
CCTCCAACAGAG,CCTCCAA,7,2
CCTCCCGTGATC,CCTCCCG,7,2
CCTCCTCAAGCC,CCTCCTC,7,2
CCTCTATCCGTC,CCTCTAT,7,2
CCTCTCCAATTC,CCTCTCC,7,2
CCTCTGAATAAC,CCTCTGA,7,2
CCTCGCTAAGTC,CCTCGCT,7,2
CCTCGTGCTGTC,CCTCGTG,7,2
CCTTAAGCTGGC,CCTTAAG,7,2
CCTTACTATCAA,CCTTACT,7,2
CCTTAGAAGTAG,CCTTAGA,7,2
CCTTCATAAGAG,CCTTCAT,7,2
CCTTCTATAGAT,CCTTCTA,7,2
CCTTCGCACGTA,CCTTCGC,7,2
CCTTTCAAGCCC,CCTTTCA,7,2
CCTTGAACATGG,CCTTGAA,7,2
CCTTGCCCTAGC,CCTTGCC,7,2
CCTTGGGAACAC,CCTTGGG,7,2
CCTGAAACAACC,CCTGAAA,7,2
CCTGACCAACGC,CCTGACC,7,2
CCTGATGAGGCT,CCTGATG,7,2
CCTGCACCTATT,CCTGCAC,7,2
CCTGCCACACTG,CCTGCCA,7,2
CCTGCGTAGTCG,CCTGCGT,7,2
CCTGTAGATAAC,CCTGTAG,7,2
CCTGTCTAGAGA,CCTGTCT,7,2
CCTGTTAAATCG,CCTGTTA,7,2
CCTGTGCCGGAA,CCTGTGC,7,2
CCTGGTCACCCT,CCTGGTC,7,2
CCTGGGAAACTC,CCTGGGA,7,2
CCGAACTCTAGC,CCGAACT,7,2
CCGAATGCTGCC,CCGAATG,7,2
CCGAAGAAATAC,CCGAAGA,7,2
CCGACATCAAGG,CCGACAT,7,2
CCGACTAATATT,CCGACTA,7,2
CCGATAGCTTCA,CCGATAG,7,2
CCGATCAACTGG,CCGATCA,7,2
CCGATTTAATAC,CCGATTT,7,2
CCGAGAAACATG,CCGAGAA,7,2
CCGAGCCCATCT,CCGAGCC,7,2
CCGAGGTATTGC,CCGAGGT,7,2
CCGCAATCTCTG,CCGCAAT,7,2
CCGCACCCTATC,CCGCACC,7,2
CCGCATAACCAG,CCGCATA,7,2
CCGCAGGGTTCA,CCGCAGG,7,2
CCGCCACATTGA,CCGCCAC,7,2
CCGCCCAACTGA,CCGCCCA,7,2
CCGCCTTACCTA,CCGCCTT,7,2
CCGCTAACGTAT,CCGCTAA,7,2
CCGCTCTATATG,CCGCTCT,7,2
CCGCTTCTATGT,CCGCTTC,7,2
CCGCGAGATATG,CCGCGAG,7,2
CCGCGGAACAAG,CCGCGGA,7,2
CCGTACGCGGAT,CCGTACG,7,2
CCGTATTATGCA,CCGTATT,7,2
CCGTAGCTTATT,CCGTAGC,7,2
CCGTCAGATGGA,CCGTCAG,7,2
CCGTCCTACAGT,CCGTCCT,7,2
CCGTCGACATGA,CCGTCGA,7,2
CCGTTATACGCC,CCGTTAT,7,2
CCGTTCCAGAGC,CCGTTCC,7,2
CCGTTTGAAGGT,CCGTTTG,7,2
CCGTGACACATA,CCGTGAC,7,2
CCGTGCAAAGAA,CCGTGCA,7,2
CCGGAACAGAAA,CCGGAAC,7,2
CCGGACAGTATT,CCGGACA,7,2
CCGGAGTAATAA,CCGGAGT,7,2
CCGGCAAATAAG,CCGGCAA,7,2
CCGGCGCAAATC,CCGGCGC,7,2
CCGGTCGTTACG,CCGGTCG,7,2
CCGGTGAAACCT,CCGGTGA,7,2
CCGGGATAAGAG,CCGGGAT,7,2
CCGGGTAACGTG,CCGGGTA,7,2
CTAAACAACAGA,CTAAACA,7,2
CTAAATCACGAG,CTAAATC,7,2
CTAAAGTAGGGA,CTAAAGT,7,2
CTAACATCAACG,CTAACAT,7,2
CTAACCGACGTG,CTAACCG,7,2
CTAACTAAGACG,CTAACTA,7,2
CTAACGCAGCGG,CTAACGC,7,2
CTAATAGAACCT,CTAATAG,7,2
CTAATCCCTGAG,CTAATCC,7,2
CTAATTTACACC,CTAATTT,7,2
CTAAGACTATGA,CTAAGAC,7,2
CTAAGTGAGTTA,CTAAGTG,7,2
CTAAGGAACCTG,CTAAGGA,7,2
CTACAAGATATG,CTACAAG,7,2
CTACACCACCCG,CTACACC,7,2
CTACATAATCTC,CTACATA,7,2
CTACCACAATTC,CTACCAC,7,2
CTACCCAATTAG,CTACCCA,7,2
CTACCTTAGTGC,CTACCTT,7,2
CTACTATCCTAA,CTACTAT,7,2
CTACTCGCTACC,CTACTCG,7,2
CTACTTCCTACG,CTACTTC,7,2
CTACTGATATCA,CTACTGA,7,2
CTACGAAGATCA,CTACGAA,7,2
CTACGCTATTAT,CTACGCT,7,2
CTACGGCCTACT,CTACGGC,7,2
CTATAAACCACG,CTATAAA,7,2
CTATACGCATCA,CTATACG,7,2
CTATATTCAGTG,CTATATT,7,2
CTATAGCATACG,CTATAGC,7,2
CTATCAGCTTCG,CTATCAG,7,2
CTATCCTACAAT,CTATCCT,7,2
CTATCTCATCAC,CTATCTC,7,2
CTATCGAAGGTT,CTATCGA,7,2
CTATTACACTTC,CTATTAC,7,2
CTATTCAACTTG,CTATTCA,7,2
CTATTTGCAGGA,CTATTTG,7,2
CTATTGTACACG,CTATTGT,7,2
CTATGATCAGGG,CTATGAT,7,2
CTATGCCATCAA,CTATGCC,7,2
CTATGTAAACCG,CTATGTA,7,2
CTATGGGACACC,CTATGGG,7,2
CTAGAACCGGAT,CTAGAAC,7,2
CTAGATGACAAG,CTAGATG,7,2
CTAGAGAACGAA,CTAGAGA,7,2
CTAGCAAACCTC,CTAGCAA,7,2
CTAGCGTACACC,CTAGCGT,7,2
CTCAACGCAAAC,CTCAACG,7,2
CTCAAGCGTTGA,CTCAAGC,7,2
CTCACAGAAGTA,CTCACAG,7,2
CTCACCTCTTTA,CTCACCT,7,2
CTCACTCAAATT,CTCACTC,7,2
CTCACGACTTTG,CTCACGA,7,2
CTCATTGATTAG,CTCATTG,7,2
CTCATGTAGCCT,CTCATGT,7,2
CTCAGAAACTAT,CTCAGAA,7,2
CTCAGGGAATAC,CTCAGGG,7,2
CTCCAATACTCA,CTCCAAT,7,2
CTCCACAATACC,CTCCACA,7,2
CTCCATGAATAT,CTCCATG,7,2
CTCCCAAAGTTC,CTCCCAA,7,2
CTCCCGCTGTTC,CTCCCGC,7,2
CTCCTAGAAAGA,CTCCTAG,7,2
CTCCTCCTGTGA,CTCCTCC,7,2
CTCCTTTATTGT,CTCCTTT,7,2
CTCCGACACAGA,CTCCGAC,7,2
CTCCGCGAAGTT,CTCCGCG,7,2
CTCCGGAAGGAC,CTCCGGA,7,2
CTCTAAGACAAG,CTCTAAG,7,2
CTCTACTGTCTG,CTCTACT,7,2
CTCTATCACTCA,CTCTATC,7,2
CTCTAGAAAGCT,CTCTAGA,7,2
CTCTCATCCGCG,CTCTCAT,7,2
CTCTCCGACAAA,CTCTCCG,7,2
CTCTCTACCTCA,CTCTCTA,7,2
CTCTTAAACACC,CTCTTAA,7,2
CTCTTGCATAGC,CTCTTGC,7,2
CTCTGCAATACG,CTCTGCA,7,2
CTCTGTTAATGG,CTCTGTT,7,2
CTCGAAACACCG,CTCGAAA,7,2
CTCGACCACGGA,CTCGACC,7,2
CTCGAGGATCCG,CTCGAGG,7,2
CTCGCACACTCC,CTCGCAC,7,2
CTCGCCAAATCC,CTCGCCA,7,2
CTCGCTGAAGGT,CTCGCTG,7,2
CTCGTATCGTAG,CTCGTAT,7,2
CTCGTCGACACT,CTCGTCG,7,2
CTCGTTAAGTAC,CTCGTTA,7,2
CTCGGCTAAGAG,CTCGGCT,7,2
CTCGGTCAGACG,CTCGGTC,7,2
CTTAAAGAGGAC,CTTAAAG,7,2
CTTAACCAACGT,CTTAACC,7,2
CTTAATAAGCCA,CTTAATA,7,2
CTTACACAGCTC,CTTACAC,7,2
CTTACCACACAC,CTTACCA,7,2
CTTACTGAATAG,CTTACTG,7,2
CTTACGTAGTGG,CTTACGT,7,2
CTTATAAATGCG,CTTATAA,7,2
CTTATCTACCGC,CTTATCT,7,2
CTTATTCCCATA,CTTATTC,7,2
CTTATGGATCTT,CTTATGG,7,2
CTTAGATAGGTT,CTTAGAT,7,2
CTTAGCGAAACT,CTTAGCG,7,2
CTTCACGAGTAC,CTTCACG,7,2
CTTCATCATTAG,CTTCATC,7,2
CTTCAGACGAGC,CTTCAGA,7,2
CTTCCAGTCTTG,CTTCCAG,7,2
CTTCCCTAATCG,CTTCCCT,7,2
CTTCTACAAAGG,CTTCTAC,7,2
CTTCTTAATGGT,CTTCTTA,7,2
CTTCTGTACGGA,CTTCTGT,7,2
CTTCGCAAGCCG,CTTCGCA,7,2
CTTCGGGACCTG,CTTCGGG,7,2
CTTTAATAGGCT,CTTTAAT,7,2
CTTTACAACCCA,CTTTACA,7,2
CTTTATGCACTC,CTTTATG,7,2
CTTTCAAACACT,CTTTCAA,7,2
CTTTCCCATCTC,CTTTCCC,7,2
CTTTCTTAAGGG,CTTTCTT,7,2
CTTTCGGAACGG,CTTTCGG,7,2
CTTTGAGATCCG,CTTTGAG,7,2
CTTTGCTAGTTA,CTTTGCT,7,2
CTTTGTCATTTG,CTTTGTC,7,2
CTTTGGAACATG,CTTTGGA,7,2
CTTGACTACAGG,CTTGACT,7,2
CTTGAGCCTTCT,CTTGAGC,7,2
CTTGCATAATCT,CTTGCAT,7,2
CTTGCCGACAGA,CTTGCCG,7,2
CTTGCTACCACG,CTTGCTA,7,2
CTTGTCCACTGA,CTTGTCC,7,2
CTTGTGAAGAAT,CTTGTGA,7,2
CTTGGAAATTGG,CTTGGAA,7,2
CTTGGTTACCGG,CTTGGTT,7,2
CTGAAATATCAC,CTGAAAT,7,2
CTGAAGGAAGGG,CTGAAGG,7,2
CTGACAAATTCG,CTGACAA,7,2
CTGACCCTGACC,CTGACCC,7,2
CTGACTTATGCG,CTGACTT,7,2
CTGATACCGCTG,CTGATAC,7,2
CTGATGACGCTT,CTGATGA,7,2
CTGAGAGAGATA,CTGAGAG,7,2
CTGAGCTAACCA,CTGAGCT,7,2
CTGAGTCAATTG,CTGAGTC,7,2
CTGCAAACGTGC,CTGCAAA,7,2
CTGCACTAAGCC,CTGCACT,7,2
CTGCAGCAACGT,CTGCAGC,7,2
CTGCCATACCGA,CTGCCAT,7,2
CTGCCCGCATAT,CTGCCCG,7,2
CTGCCTAAACCT,CTGCCTA,7,2
CTGCTCACAGTT,CTGCTCA,7,2
CTGCTTGATCGG,CTGCTTG,7,2
CTGCGCCTAATG,CTGCGCC,7,2
CTGCGTTAACAT,CTGCGTT,7,2
CTGTAACCAATC,CTGTAAC,7,2
CTGTATATTTCC,CTGTATA,7,2
CTGTAGTAGCAG,CTGTAGT,7,2
CTGTCCAAGGTG,CTGTCCA,7,2
CTGTCTGAAGAG,CTGTCTG,7,2
CTGTTCTCCAGG,CTGTTCT,7,2
CTGTTTCCAACG,CTGTTTC,7,2
CTGTTGGATATA,CTGTTGG,7,2
CTGTGAAACGTG,CTGTGAA,7,2
CTGTGCGATGTT,CTGTGCG,7,2
CTGTGGCAAACC,CTGTGGC,7,2
CTGGACGACATT,CTGGACG,7,2
CTGGATTAACAG,CTGGATT,7,2
CTGGCAGATTGC,CTGGCAG,7,2
CTGGCCTATCCA,CTGGCCT,7,2
CTGGCTCAATGA,CTGGCTC,7,2
CTGGCGAACCGT,CTGGCGA,7,2
CTGGTGCTCTTA,CTGGTGC,7,2
CTGGGACACTGT,CTGGGAC,7,2
CTGGGCAATTTG,CTGGGCA,7,2
CTGGGTGACGCA,CTGGGTG,7,2
CGAAACGAAGTT,CGAAACG,7,2
CGAAATTACACA,CGAAATT,7,2
CGAAAGCAAGAC,CGAAAGC,7,2
CGAACAGTAAGT,CGAACAG,7,2
CGAACCTACCCT,CGAACCT,7,2
CGAACTCAAGCC,CGAACTC,7,2
CGAACGACTATC,CGAACGA,7,2
CGAATATCTATG,CGAATAT,7,2
CGAATTAAACAC,CGAATTA,7,2
CGAAGAACCCGG,CGAAGAA,7,2
CGAAGCCAACGC,CGAAGCC,7,2
CGAAGGGACAGC,CGAAGGG,7,2
CGACAATCCTAT,CGACAAT,7,2
CGACAGAAACCG,CGACAGA,7,2
CGACCAAACCCT,CGACCAA,7,2
CGACCTGATACA,CGACCTG,7,2
CGACCGTGTCCA,CGACCGT,7,2
CGACTAGAACCA,CGACTAG,7,2
CGACTCTCCACA,CGACTCT,7,2
CGACTGCCAATC,CGACTGC,7,2
CGACGACACTTC,CGACGAC,7,2
CGACGCAATTCG,CGACGCA,7,2
CGACGTTCACCT,CGACGTT,7,2
CGATAAGAGGAC,CGATAAG,7,2
CGATACTCGGCC,CGATACT,7,2
CGATATCACGTT,CGATATC,7,2
CGATCATTCCGC,CGATCAT,7,2
CGATCCGATACC,CGATCCG,7,2
CGATCTAAACAA,CGATCTA,7,2
CGATCGCAGTCG,CGATCGC,7,2
CGATTAACATAG,CGATTAA,7,2
CGATTCCAGTAC,CGATTCC,7,2
CGATTGGAACCT,CGATTGG,7,2
CGATGTGACGAT,CGATGTG,7,2
CGATGGTAGTTA,CGATGGT,7,2
CGAGACCACTGG,CGAGACC,7,2
CGAGATACCCTG,CGAGATA,7,2
CGAGAGGAGCTT,CGAGAGG,7,2
CGAGCACAATCA,CGAGCAC,7,2
CGAGCCACTCGT,CGAGCCA,7,2
CGAGCTTAATTA,CGAGCTT,7,2
CGAGTTCACTCC,CGAGTTC,7,2
CGAGTGAAACTC,CGAGTGA,7,2
CGAGGATACGAG,CGAGGAT,7,2
CGAGGCGACGTA,CGAGGCG,7,2
CGCAAAGCGACA,CGCAAAG,7,2
CGCAACTCTACT,CGCAACT,7,2
CGCAATCACTTT,CGCAATC,7,2
CGCAAGAATTTG,CGCAAGA,7,2
CGCACATCAGGG,CGCACAT,7,2
CGCACCGAGTTC,CGCACCG,7,2
CGCACTACTGCG,CGCACTA,7,2
CGCACGCCCTTT,CGCACGC,7,2
CGCATACAATTG,CGCATAC,7,2
CGCATCAAAGTT,CGCATCA,7,2
CGCATTTCCGCG,CGCATTT,7,2
CGCATGGATGAC,CGCATGG,7,2
CGCAGTGATTTA,CGCAGTG,7,2
CGCAGGTATGAA,CGCAGGT,7,2
CGCCAACACCAG,CGCCAAC,7,2
CGCCACGCTTAT,CGCCACG,7,2
CGCCATAAAGTC,CGCCATA,7,2
CGCCAGTAATCC,CGCCAGT,7,2
CGCCCAGTAGCT,CGCCCAG,7,2
CGCCCTCAAGCA,CGCCCTC,7,2
CGCCCGAAACTC,CGCCCGA,7,2
CGCCTAACTGTC,CGCCTAA,7,2
CGCCGCTATAGG,CGCCGCT,7,2
CGCCGGCCAATA,CGCCGGC,7,2
CGCTAATTTGGT,CGCTAAT,7,2
CGCTAGCAAACA,CGCTAGC,7,2
CGCTCCTGAAGG,CGCTCCT,7,2
CGCTCGGAAATA,CGCTCGG,7,2
CGCTTAGACCCA,CGCTTAG,7,2
CGCTTGTCCACT,CGCTTGT,7,2
CGCTGAACTCGA,CGCTGAA,7,2
CGCTGCCATCTG,CGCTGCC,7,2
CGCGACAACATG,CGCGACA,7,2
CGCGATGAATGC,CGCGATG,7,2
CGCGCAAATCTT,CGCGCAA,7,2
CGCGCCCTATAT,CGCGCCC,7,2
CGCGTCTAAAGA,CGCGTCT,7,2
CGCGGAGAATCC,CGCGGAG,7,2
CGCGGTAAAGAG,CGCGGTA,7,2
CGTAATGACATT,CGTAATG,7,2
CGTACAAATCAC,CGTACAA,7,2
CGTACCCACGTA,CGTACCC,7,2
CGTACTTCCACT,CGTACTT,7,2
CGTACGGAGAAT,CGTACGG,7,2
CGTATGCAATCA,CGTATGC,7,2
CGTAGACCTGGC,CGTAGAC,7,2
CGTAGGATCTGG,CGTAGGA,7,2
CGTCAAACCAGT,CGTCAAA,7,2
CGTCACTATTGA,CGTCACT,7,2
CGTCAGCAATGA,CGTCAGC,7,2
CGTCCATCTGAT,CGTCCAT,7,2
CGTCCTACACGA,CGTCCTA,7,2
CGTCTTGCATCG,CGTCTTG,7,2
CGTCGCCATAAG,CGTCGCC,7,2
CGTTAACCACCA,CGTTAAC,7,2
CGTTATAAAGGA,CGTTATA,7,2
CGTTAGTAAGAG,CGTTAGT,7,2
CGTTCCAATGAT,CGTTCCA,7,2
CGTTCTGAAGCG,CGTTCTG,7,2
CGTTTCTAGATC,CGTTTCT,7,2
CGTTTGAAAGCA,CGTTTGA,7,2
CGTTGATAAACT,CGTTGAT,7,2
CGTTGCGTGCAG,CGTTGCG,7,2
CGTTGGCAACCG,CGTTGGC,7,2
CGTGAATAAGGT,CGTGAAT,7,2
CGTGACGACATC,CGTGACG,7,2
CGTGATCCCATG,CGTGATC,7,2
CGTGCAGAGCCT,CGTGCAG,7,2
CGTGCCTAAAGT,CGTGCCT,7,2
CGTGCGAACAGC,CGTGCGA,7,2
CGTGTAACGCGC,CGTGTAA,7,2
CGTGTTTATATG,CGTGTTT,7,2
CGTGTGGCATTG,CGTGTGG,7,2
CGTGGCAACGAT,CGTGGCA,7,2
CGTGGTGAGTTT,CGTGGTG,7,2
CGTGGGTATAGG,CGTGGGT,7,2
CGGAAACATTAT,CGGAAAC,7,2
CGGAATAATAGG,CGGAATA,7,2
CGGAAGTATGGC,CGGAAGT,7,2
CGGACCAAAGGA,CGGACCA,7,2
CGGACTGAGAAA,CGGACTG,7,2
CGGATAACCGAT,CGGATAA,7,2
CGGATCCCACCT,CGGATCC,7,2
CGGAGATACGTC,CGGAGAT,7,2
CGGAGCGAAGTC,CGGAGCG,7,2
CGGAGGCGACAA,CGGAGGC,7,2
CGGCAAGAAGTT,CGGCAAG,7,2
CGGCACAAACTA,CGGCACA,7,2
CGGCCCTACAGA,CGGCCCT,7,2
CGGCCGCAAGAT,CGGCCGC,7,2
CGGCTATAAGCG,CGGCTAT,7,2
CGGCTTAAACGT,CGGCTTA,7,2
CGGCTGGTAACA,CGGCTGG,7,2
CGGCGAAATCAT,CGGCGAA,7,2
CGGCGTGTTTCA,CGGCGTG,7,2
CGGCGGTATGGA,CGGCGGT,7,2
CGGTAAACATCG,CGGTAAA,7,2
CGGTACCAGGAT,CGGTACC,7,2
CGGTATGACCAG,CGGTATG,7,2
CGGTCACAAATG,CGGTCAC,7,2
CGGTCTTTAGAC,CGGTCTT,7,2
CGGTTCGATGAC,CGGTTCG,7,2
CGGTTGCAATGG,CGGTTGC,7,2
CGGTGAGACACG,CGGTGAG,7,2
CGGTGCTATTTA,CGGTGCT,7,2
CGGTGTCAATTA,CGGTGTC,7,2
CGGTGGAACTTC,CGGTGGA,7,2
CGGGACTATAAG,CGGGACT,7,2
CGGGAGACATGT,CGGGAGA,7,2
CGGGCATCTCTG,CGGGCAT,7,2
CGGGCCGTTTCA,CGGGCCG,7,2
CGGGCTAAAGAA,CGGGCTA,7,2
CGGGTACAATGT,CGGGTAC,7,2
CGGGTCAAACCA,CGGGTCA,7,2
CGGGTTGACGAG,CGGGTTG,7,2
CGGGTGTATCCG,CGGGTGT,7,2
TAAACACATTCG,TAAACAC,7,2
TAAACCACCCTG,TAAACCA,7,2
TAAACTGTGATC,TAAACTG,7,2
TAAACGTACAAC,TAAACGT,7,2
TAAATAACCCAG,TAAATAA,7,2
TAAATCCTCATG,TAAATCC,7,2
TAAATTTCCGGG,TAAATTT,7,2
TAAATGGAGTCA,TAAATGG,7,2
TAAAGAGAGCTA,TAAAGAG,7,2
TAAAGCTAAGTC,TAAAGCT,7,2
TAAAGTCCTACC,TAAAGTC,7,2
TAAAGGACTTGC,TAAAGGA,7,2
TAACAATCCTAG,TAACAAT,7,2
TAACACGACCCA,TAACACG,7,2
TAACATATCCGC,TAACATA,7,2
TAACAGCAATAG,TAACAGC,7,2
TAACCAACAGCT,TAACCAA,7,2
TAACCCTAGTTC,TAACCCT,7,2
TAACCTCACGAT,TAACCTC,7,2
TAACCGGAGCTT,TAACCGG,7,2
TAACTACTAAGC,TAACTAC,7,2
TAACTCAACGTG,TAACTCA,7,2
TAACTTGATGCA,TAACTTG,7,2
TAACTGTCCAGC,TAACTGT,7,2
TAACGCCAATCT,TAACGCC,7,2
TAACGTTAACGG,TAACGTT,7,2
TAATAAACGCAC,TAATAAA,7,2
TAATACTAACCC,TAATACT,7,2
TAATATCCGGGA,TAATATC,7,2
TAATCATCCGCA,TAATCAT,7,2
TAATCCGGAAAG,TAATCCG,7,2
TAATCTATGGAG,TAATCTA,7,2
TAATCGCCACGC,TAATCGC,7,2
TAATGACATTGC,TAATGAC,7,2
TAATGCAACCTA,TAATGCA,7,2
TAATGTGACTAG,TAATGTG,7,2
TAATGGTTCGCA,TAATGGT,7,2
TAAGAACATGCC,TAAGAAC,7,2
TAAGACAATAGC,TAAGACA,7,2
TAAGATTCCCAG,TAAGATT,7,2
TAAGAGGAAGGG,TAAGAGG,7,2
TAAGCCCACTAC,TAAGCCC,7,2
TAAGTAGTAGAG,TAAGTAG,7,2
TAAGTCTAAGTG,TAAGTCT,7,2
TAAGTTCAGGGC,TAAGTTC,7,2
TAAGTGAATTCG,TAAGTGA,7,2
TAAGGAAATAGG,TAAGGAA,7,2
TAAGGCGAAGTA,TAAGGCG,7,2
TAAGGGCACTGT,TAAGGGC,7,2
TACAAAGAATGG,TACAAAG,7,2
TACAACTAAGTG,TACAACT,7,2
TACAATCTACAG,TACAATC,7,2
TACAAGAAATGC,TACAAGA,7,2
TACACATCTCGG,TACACAT,7,2
TACACCGAACCT,TACACCG,7,2
TACACTAATGAC,TACACTA,7,2
TACACGCCTTAC,TACACGC,7,2
TACATACTGACT,TACATAC,7,2
TACATCACGAGG,TACATCA,7,2
TACATTGACCAC,TACATTG,7,2
TACATGTCGTCC,TACATGT,7,2
TACAGAAAGCCC,TACAGAA,7,2
TACAGCCAACAG,TACAGCC,7,2
TACAGGGAGTTC,TACAGGG,7,2
TACCAACACCTG,TACCAAC,7,2
TACCACAACTCC,TACCACA,7,2
TACCATTCACAT,TACCATT,7,2
TACCAGGCAGGC,TACCAGG,7,2
TACCCTGACCCG,TACCCTG,7,2
TACCCGTACCTA,TACCCGT,7,2
TACCTATTGCTA,TACCTAT,7,2
TACCTCGAGCAG,TACCTCG,7,2
TACCTTAAAGAC,TACCTTA,7,2
TACCTGCAATTC,TACCTGC,7,2
TACCGAGATATG,TACCGAG,7,2
TACCGCTAAGCG,TACCGCT,7,2
TACCGTCAAGCT,TACCGTC,7,2
TACCGGAATCAA,TACCGGA,7,2
TACTAATACTGC,TACTAAT,7,2
TACTACGAAAGA,TACTACG,7,2
TACTATAACGAC,TACTATA,7,2
TACTAGCCAGCC,TACTAGC,7,2
TACTCAGAAGTT,TACTCAG,7,2
TACTCCTAAGAC,TACTCCT,7,2
TACTCTCTCAAT,TACTCTC,7,2
TACTCGATGATT,TACTCGA,7,2
TACTTAACTGCC,TACTTAA,7,2
TACTTCCAGCTT,TACTTCC,7,2
TACTGTTCTGGC,TACTGTT,7,2
TACGAAACTGGC,TACGAAA,7,2
TACGACCATATG,TACGACC,7,2
TACGATGAATCA,TACGATG,7,2
TACGAGTAGAAG,TACGAGT,7,2
TACGCACAAACT,TACGCAC,7,2
TACGCCAATTCA,TACGCCA,7,2
TACGCTTCCGAA,TACGCTT,7,2
TACGCGGACACC,TACGCGG,7,2
TACGGATAAGGT,TACGGAT,7,2
TACGGTAAAGAA,TACGGTA,7,2
TATAACGCCCTG,TATAACG,7,2
TATAAGCACTCT,TATAAGC,7,2
TATACAACCTGG,TATACAA,7,2
TATACCCAATTG,TATACCC,7,2
TATACTTCTGCC,TATACTT,7,2
TATACGGCACTT,TATACGG,7,2
TATATATCTGGC,TATATAT,7,2
TATATTAACGCC,TATATTA,7,2
TATAGACAAACC,TATAGAC,7,2
TATAGCAACCAG,TATAGCA,7,2
TATAGTGAGACT,TATAGTG,7,2
TATAGGTACAAG,TATAGGT,7,2
TATCAAACCATC,TATCAAA,7,2
TATCACTACGAC,TATCACT,7,2
TATCATCACACG,TATCATC,7,2
TATCCATACTAG,TATCCAT,7,2
TATCCCGCTAGC,TATCCCG,7,2
TATCCTACTTGC,TATCCTA,7,2
TATCTCCACATA,TATCTCC,7,2
TATCTTTCACGG,TATCTTT,7,2
TATCTGGCCGCT,TATCTGG,7,2
TATCGGCCTTAG,TATCGGC,7,2
TATTAACCAGAC,TATTAAC,7,2
TATTACACAGTG,TATTACA,7,2
TATTATTAGCGG,TATTATT,7,2
TATTAGGATAGC,TATTAGG,7,2
TATTCTGAACAC,TATTCTG,7,2
TATTCGTAAGTC,TATTCGT,7,2
TATTTAGATCGC,TATTTAG,7,2
TATTTCTGCAGT,TATTTCT,7,2
TATTTGAAGCGA,TATTTGA,7,2
TATTGATACGCG,TATTGAT,7,2
TATTGCCAACGT,TATTGCC,7,2
TATTGTAACTGG,TATTGTA,7,2
TATGAATAGGCT,TATGAAT,7,2
TATGATATCTCG,TATGATA,7,2
TATGCAGATTGC,TATGCAG,7,2
TATGCCTAAGCT,TATGCCT,7,2
TATGCTCAAACA,TATGCTC,7,2
TATGCGATAGTT,TATGCGA,7,2
TATGTAACGTCC,TATGTAA,7,2
TATGGTTAACTG,TATGGTT,7,2
TAGAAACACAAC,TAGAAAC,7,2
TAGAACAATGGG,TAGAACA,7,2
TAGAATTAAGCG,TAGAATT,7,2
TAGAAGGCATGG,TAGAAGG,7,2
TAGACAGAATGT,TAGACAG,7,2
TAGATCTATGAC,TAGATCT,7,2
TAGATTCCTCTT,TAGATTC,7,2
TAGATGAACTGT,TAGATGA,7,2
TAGAGATATTCG,TAGAGAT,7,2
TAGAGCGAACTG,TAGAGCG,7,2
TAGAGTAATTCC,TAGAGTA,7,2
TAGAGGCAGGTC,TAGAGGC,7,2
TAGCACCAAGAG,TAGCACC,7,2
TAGCATGACTCG,TAGCATG,7,2
TAGCAGTATCTG,TAGCAGT,7,2
TAGCCACACGGT,TAGCCAC,7,2
TAGCCCAACTGG,TAGCCCA,7,2
TAGCTAAACACC,TAGCTAA,7,2
TAGTAAGAACGC,TAGTAAG,7,2
TAGTAGAAAGAG,TAGTAGA,7,2
TAGTCAAATCGG,TAGTCAA,7,2
TAGTCCCACCAT,TAGTCCC,7,2
TAGTCTTACGCC,TAGTCTT,7,2
TAGTCGGCACCG,TAGTCGG,7,2
TAGTTATCGCGG,TAGTTAT,7,2
TAGTTCGTATAG,TAGTTCG,7,2
TAGTTTACAGGT,TAGTTTA,7,2
TAGTTGCACTCA,TAGTTGC,7,2
TAGTGCTAGATA,TAGTGCT,7,2
TAGTGTCTCTAG,TAGTGTC,7,2
TAGGACTAACTG,TAGGACT,7,2
TAGGATCAACCA,TAGGATC,7,2
TAGGCATACCTT,TAGGCAT,7,2
TAGGCCGATGCG,TAGGCCG,7,2
TAGGCTAATCTA,TAGGCTA,7,2
TAGGCGCCGTCA,TAGGCGC,7,2
TAGGTACAGAAT,TAGGTAC,7,2
TAGGTCAACGAT,TAGGTCA,7,2
TAGGTTTCCATA,TAGGTTT,7,2
TAGGTGGCGGTG,TAGGTGG,7,2
TAGGGAGACAAG,TAGGGAG,7,2
TAGGGCCCACTT,TAGGGCC,7,2
TCAAACTAGGCA,TCAAACT,7,2
TCAAATGACGAC,TCAAATG,7,2
TCAAAGACACTT,TCAAAGA,7,2
TCAACATACTGA,TCAACAT,7,2
TCAACCGACAGT,TCAACCG,7,2
TCAACTAACCGA,TCAACTA,7,2
TCAACGCAATAT,TCAACGC,7,2
TCAATAGAACGT,TCAATAG,7,2
TCAATCAGTGCG,TCAATCA,7,2
TCAATGTTCCTT,TCAATGT,7,2
TCAAGAACGGGT,TCAAGAA,7,2
TCAAGCCAATTT,TCAAGCC,7,2
TCAAGTTTCGAT,TCAAGTT,7,2
TCAAGGGAAATA,TCAAGGG,7,2
TCACAAGTGAGA,TCACAAG,7,2
TCACACAAGACC,TCACACA,7,2
TCACATTACCCG,TCACATT,7,2
TCACCACATCGC,TCACCAC,7,2
TCACCTGAAGTG,TCACCTG,7,2
TCACCGTAAGTA,TCACCGT,7,2
TCACTATAAGGG,TCACTAT,7,2
TCACTCGACGGG,TCACTCG,7,2
TCACTTAGAAGA,TCACTTA,7,2
TCACTGCATGTC,TCACTGC,7,2
TCACGCTCATGC,TCACGCT,7,2
TCACGTCAAATA,TCACGTC,7,2
TCACGGAACCCG,TCACGGA,7,2
TCATAATTCTCG,TCATAAT,7,2
TCATACGATGGG,TCATACG,7,2
TCATAGCACAGA,TCATAGC,7,2
TCATCAGAGAAG,TCATCAG,7,2
TCATCCTAAACC,TCATCCT,7,2
TCATCTCAGGCA,TCATCTC,7,2
TCATCGAAAGAA,TCATCGA,7,2
TCATTAACCATG,TCATTAA,7,2
TCATTCCATTCA,TCATTCC,7,2
TCATTTGCTCAT,TCATTTG,7,2
TCATGTAACTTC,TCATGTA,7,2
TCAGAAAGACCG,TCAGAAA,7,2
TCAGACCAAGCT,TCAGACC,7,2
TCAGAGTATCGA,TCAGAGT,7,2
TCAGCCACAGTG,TCAGCCA,7,2
TCAGCTTTGACC,TCAGCTT,7,2
TCAGCGGAGTAA,TCAGCGG,7,2
TCAGTACAGCGA,TCAGTAC,7,2
TCAGGATCTAAC,TCAGGAT,7,2
TCCAACGATACA,TCCAACG,7,2
TCCAAGCAGAAA,TCCAAGC,7,2
TCCACAGAAAGC,TCCACAG,7,2
TCCACCTAGGTA,TCCACCT,7,2
TCCACTCAATAG,TCCACTC,7,2
TCCACGAACATA,TCCACGA,7,2
TCCATCCCGTCC,TCCATCC,7,2
TCCATTTCGAGA,TCCATTT,7,2
TCCATGGCCCTT,TCCATGG,7,2
TCCAGACTTTCT,TCCAGAC,7,2
TCCAGCAACTTT,TCCAGCA,7,2
TCCAGTGCACGG,TCCAGTG,7,2
TCCAGGTACGGG,TCCAGGT,7,2
TCCCAATACCAC,TCCCAAT,7,2
TCCCACCATCAG,TCCCACC,7,2
TCCCATAACGGT,TCCCATA,7,2
TCCCTAACATCG,TCCCTAA,7,2
TCCCTCTATCCA,TCCCTCT,7,2
TCCCTTCCCGCT,TCCCTTC,7,2
TCCCGCGTGGTT,TCCCGCG,7,2
TCCCGTTCTTCG,TCCCGTT,7,2
TCCCGGCATCTA,TCCCGGC,7,2
TCCTAAGAAATC,TCCTAAG,7,2
TCCTACTAAACG,TCCTACT,7,2
TCCTATCCGTCG,TCCTATC,7,2
TCCTAGAATTCT,TCCTAGA,7,2
TCCTCATATCGT,TCCTCAT,7,2
TCCTCCGAATGA,TCCTCCG,7,2
TCCTCTAAACAC,TCCTCTA,7,2
TCCTCGCATGTG,TCCTCGC,7,2
TCCTTACAATGG,TCCTTAC,7,2
TCCTTCAATCAG,TCCTTCA,7,2
TCCTTGTAGTGG,TCCTTGT,7,2
TCCTGAACCCTG,TCCTGAA,7,2
TCCTGCCAAGCG,TCCTGCC,7,2
TCCTGGGAGTCG,TCCTGGG,7,2
TCCGAACACCTC,TCCGAAC,7,2
TCCGACATAAAC,TCCGACA,7,2
TCCGAGGACATA,TCCGAGG,7,2
TCCGCAAAGTCA,TCCGCAA,7,2
TCCGCCCTCTAC,TCCGCCC,7,2
TCCGCTGATCCA,TCCGCTG,7,2
TCCGCGTACAAC,TCCGCGT,7,2
TCCGTAGCAGAA,TCCGTAG,7,2
TCCGTTAACATG,TCCGTTA,7,2
TCCGTGCAACCG,TCCGTGC,7,2
TCCGGCTAAAGG,TCCGGCT,7,2
TCCGGTCAAAGC,TCCGGTC,7,2
TCCGGGAAGTCT,TCCGGGA,7,2
TCTAAAGACCAC,TCTAAAG,7,2
TCTAACACTATC,TCTAACA,7,2
TCTAATTGTCGA,TCTAATT,7,2
TCTACACAAACT,TCTACAC,7,2
TCTACTGAAGTC,TCTACTG,7,2
TCTACGTACGAG,TCTACGT,7,2
TCTATAAACGTG,TCTATAA,7,2
TCTATCTCCGTC,TCTATCT,7,2
TCTATTCCCGAG,TCTATTC,7,2
TCTAGATCTTCA,TCTAGAT,7,2
TCTAGCGAATAT,TCTAGCG,7,2
TCTAGTAACAGC,TCTAGTA,7,2
TCTCACGAACGA,TCTCACG,7,2
TCTCAGACCCTG,TCTCAGA,7,2
TCTCCAGCCATG,TCTCCAG,7,2
TCTCCCTAACTA,TCTCCCT,7,2
TCTCCGCATGGA,TCTCCGC,7,2
TCTCTACAGGCC,TCTCTAC,7,2
TCTCTCAAGCTA,TCTCTCA,7,2
TCTCTTGAGAAA,TCTCTTG,7,2
TCTCTGTTATGC,TCTCTGT,7,2
TCTCGAAATCTT,TCTCGAA,7,2
TCTCGCCCTAAG,TCTCGCC,7,2
TCTCGGGCCGAT,TCTCGGG,7,2
TCTTAAACTTCG,TCTTAAA,7,2
TCTTACCAAGTT,TCTTACC,7,2
TCTTATGACGTA,TCTTATG,7,2
TCTTAGTAAAGG,TCTTAGT,7,2
TCTTCCAAATCG,TCTTCCA,7,2
TCTTCTTCCGCT,TCTTCTT,7,2
TCTTCGGATGCC,TCTTCGG,7,2
TCTTTATCACCA,TCTTTAT,7,2
TCTTTCGACGGT,TCTTTCG,7,2
TCTTTGCACACC,TCTTTGC,7,2
TCTTGAGCGGCG,TCTTGAG,7,2
TCTTGCTACTGA,TCTTGCT,7,2
TCTTGTCAAAGT,TCTTGTC,7,2
TCTTGGAACAGG,TCTTGGA,7,2
TCTGACTCGCAT,TCTGACT,7,2
TCTGAGCAATGC,TCTGAGC,7,2
TCTGCATATTGG,TCTGCAT,7,2
TCTGCCGATCAG,TCTGCCG,7,2
TCTGCTATCCGT,TCTGCTA,7,2
TCTGTCCATCTA,TCTGTCC,7,2
TCTGTTTCATGG,TCTGTTT,7,2
TCTGTGGCACCT,TCTGTGG,7,2
TCTGGACACGGG,TCTGGAC,7,2
TCTGGCACAGTA,TCTGGCA,7,2
TCTGGTGACAGT,TCTGGTG,7,2
TCTGGGTATTTG,TCTGGGT,7,2
TCGAAATACTCC,TCGAAAT,7,2
TCGAACCTATAC,TCGAACC,7,2
TCGAATAATCGG,TCGAATA,7,2
TCGACAAACTGT,TCGACAA,7,2
TCGACTTCCAAC,TCGACTT,7,2
TCGACGGAACAG,TCGACGG,7,2
TCGATACTCACA,TCGATAC,7,2
TCGATCGATATT,TCGATCG,7,2
TCGAGAGATGAA,TCGAGAG,7,2
TCGAGCTAAACA,TCGAGCT,7,2
TCGAGTCATGAG,TCGAGTC,7,2
TCGAGGACTGGC,TCGAGGA,7,2
TCGCAAACCTAA,TCGCAAA,7,2
TCGCACTAATTA,TCGCACT,7,2
TCGCATCCTGCA,TCGCATC,7,2
TCGCCATACCGT,TCGCCAT,7,2
TCGCCTAAACCC,TCGCCTA,7,2
TCGCTCCACCTG,TCGCTCC,7,2
TCGCTTTACTCT,TCGCTTT,7,2
TCGCTGGCGAAG,TCGCTGG,7,2
TCGCGACCCAGT,TCGCGAC,7,2
TCGCGCACTATA,TCGCGCA,7,2
TCGCGTGCGATG,TCGCGTG,7,2
TCGCGGTTGACA,TCGCGGT,7,2
TCGTAACAAGAG,TCGTAAC,7,2
TCGTACAACAGC,TCGTACA,7,2
TCGTAGGAAGTA,TCGTAGG,7,2
TCGTCTGACCGG,TCGTCTG,7,2
TCGTCGTTACAA,TCGTCGT,7,2
TCGTTAGAAATG,TCGTTAG,7,2
TCGTTCTAAATC,TCGTTCT,7,2
TCGTTTCCAGGA,TCGTTTC,7,2
TCGTTGACATAA,TCGTTGA,7,2
TCGTGATAACGC,TCGTGAT,7,2
TCGTGCGACCGT,TCGTGCG,7,2
TCGTGGCTACGT,TCGTGGC,7,2
TCGGAAGAATAC,TCGGAAG,7,2
TCGGATTCCTAG,TCGGATT,7,2
TCGGAGATACCA,TCGGAGA,7,2
TCGGCCTCCTGA,TCGGCCT,7,2
TCGGCTCCTACT,TCGGCTC,7,2
TCGGTAAACCAC,TCGGTAA,7,2
TCGGTTGAATTC,TCGGTTG,7,2
TCGGTGTAGTAT,TCGGTGT,7,2
TTAAACGACGGC,TTAAACG,7,2
TTAAATTCCGCT,TTAAATT,7,2
TTAAAGCCGACA,TTAAAGC,7,2
TTAACAAAGTCC,TTAACAA,7,2
TTAACCCATATG,TTAACCC,7,2
TTAACGGATAAC,TTAACGG,7,2
TTAATACCCTAC,TTAATAC,7,2
TTAATCTCTGAC,TTAATCT,7,2
TTAATTAAGGCC,TTAATTA,7,2
TTAAGATCCATC,TTAAGAT,7,2
TTAAGCAACTCA,TTAAGCA,7,2
TTACAAACATCC,TTACAAA,7,2
TTACACTCTGGT,TTACACT,7,2
TTACATGTAGAG,TTACATG,7,2
TTACCATACCTA,TTACCAT,7,2
TTACCCGACCCT,TTACCCG,7,2
TTACCTAACTCC,TTACCTA,7,2
TTACTAGACTAG,TTACTAG,7,2
TTACTCCCAGGG,TTACTCC,7,2
TTACTTTCCTAG,TTACTTT,7,2
TTACGACAGTCG,TTACGAC,7,2
TTACGGTCGGTC,TTACGGT,7,2
TTATAACATCCC,TTATAAC,7,2
TTATACACACCA,TTATACA,7,2
TTATAGTACGCC,TTATAGT,7,2
TTATCTTTGGAC,TTATCTT,7,2
TTATTATCACCC,TTATTAT,7,2
TTATTCGACATC,TTATTCG,7,2
TTATTTCCCAAC,TTATTTC,7,2
TTATTGACCGTG,TTATTGA,7,2
TTATGAAACACG,TTATGAA,7,2
TTATGCTTACAG,TTATGCT,7,2
TTATGGCATCAT,TTATGGC,7,2
TTAGAATACGCG,TTAGAAT,7,2
TTAGATAAAGGG,TTAGATA,7,2
TTAGCACAACTG,TTAGCAC,7,2
TTAGCCTAGGCG,TTAGCCT,7,2
TTAGCTGACGGG,TTAGCTG,7,2
TTAGCGAAAGGA,TTAGCGA,7,2
TTAGTAAACCCT,TTAGTAA,7,2
TTAGTGTATACC,TTAGTGT,7,2
TTAGGAGAGAGT,TTAGGAG,7,2
TTAGGCCAAGAA,TTAGGCC,7,2
TTAGGTTAAGGC,TTAGGTT,7,2
TTCAAACACACT,TTCAAAC,7,2
TTCAACAACACG,TTCAACA,7,2
TTCAATGCAATC,TTCAATG,7,2
TTCAAGTCTGAT,TTCAAGT,7,2
TTCACTTCAGTA,TTCACTT,7,2
TTCATAAAGCTC,TTCATAA,7,2
TTCATCGTGTGG,TTCATCG,7,2
TTCATTCACTAC,TTCATTC,7,2
TTCAGAGCACGA,TTCAGAG,7,2
TTCAGCTAATGA,TTCAGCT,7,2
TTCAGTACGTTA,TTCAGTA,7,2
TTCAGGCACTAG,TTCAGGC,7,2
TTCCAAGAAGCC,TTCCAAG,7,2
TTCCATCATCCG,TTCCATC,7,2
TTCCAGAACCGG,TTCCAGA,7,2
TTCCCACCACTT,TTCCCAC,7,2
TTCCCGGAGAGA,TTCCCGG,7,2
TTCCTCAATGCT,TTCCTCA,7,2
TTCCTTGAAGAG,TTCCTTG,7,2
TTCCTGTTCCGG,TTCCTGT,7,2
TTCCGATACACC,TTCCGAT,7,2
TTCCGCCATCAA,TTCCGCC,7,2
TTCTAAATGCCG,TTCTAAA,7,2
TTCTACCCAGAC,TTCTACC,7,2
TTCTATTTAGCG,TTCTATT,7,2
TTCTAGGAGTAT,TTCTAGG,7,2
TTCTCCAACTTC,TTCTCCA,7,2
TTCTCTGACATC,TTCTCTG,7,2
TTCTCGTAGCAC,TTCTCGT,7,2
TTCTTAGACTGT,TTCTTAG,7,2
TTCTTCTCGCAG,TTCTTCT,7,2
TTCTTTAAGCTG,TTCTTTA,7,2
TTCTGACACACA,TTCTGAC,7,2
TTCTGCGTCGCA,TTCTGCG,7,2
TTCTGGAGAAAG,TTCTGGA,7,2
TTCGACTAAAGA,TTCGACT,7,2
TTCGAGCACCAT,TTCGAGC,7,2
TTCGCATAAGTT,TTCGCAT,7,2
TTCGCCGATTAA,TTCGCCG,7,2
TTCGCTAAGGCC,TTCGCTA,7,2
TTCGTACAACGT,TTCGTAC,7,2
TTCGTTTATAGC,TTCGTTT,7,2
TTCGTGGATTAG,TTCGTGG,7,2
TTCGGAAATTCG,TTCGGAA,7,2
TTCGGTGCAACA,TTCGGTG,7,2
TTCGGGTTGGTC,TTCGGGT,7,2
TTTAAATCCGAG,TTTAAAT,7,2
TTTAATCCCTCT,TTTAATC,7,2
TTTAAGACCACA,TTTAAGA,7,2
TTTACAGAAAGG,TTTACAG,7,2
TTTACCTAAAGC,TTTACCT,7,2
TTTACTACACGA,TTTACTA,7,2
TTTACGCATTAC,TTTACGC,7,2
TTTATCACCAAC,TTTATCA,7,2
TTTATTTCACCG,TTTATTT,7,2
TTTAGAAAGTGC,TTTAGAA,7,2
TTTAGCCAAATC,TTTAGCC,7,2
TTTAGGGACCAA,TTTAGGG,7,2
TTTCAACCCTGG,TTTCAAC,7,2
TTTCACAACGCT,TTTCACA,7,2
TTTCATTCGGAA,TTTCATT,7,2
TTTCAGGATGAT,TTTCAGG,7,2
TTTCCAAATCAC,TTTCCAA,7,2
TTTCCTCAACAA,TTTCCTC,7,2
TTTCCGTAAGAC,TTTCCGT,7,2
TTTCTATGCCGG,TTTCTAT,7,2
TTTCTCGAAAGA,TTTCTCG,7,2
TTTCTGAAAGTG,TTTCTGA,7,2
TTTCGAGAAGCG,TTTCGAG,7,2
TTTCGCTAAGTA,TTTCGCT,7,2
TTTCGTACTACA,TTTCGTA,7,2
TTTGAAACATGC,TTTGAAA,7,2
TTTGACGACACC,TTTGACG,7,2
TTTGAGTAAGGG,TTTGAGT,7,2
TTTGCCAAGAGC,TTTGCCA,7,2
TTTGCTTCCATC,TTTGCTT,7,2
TTTGCGGATCAA,TTTGCGG,7,2
TTTGTAGACGCT,TTTGTAG,7,2
TTTGTCTACACG,TTTGTCT,7,2
TTTGTTACCGGC,TTTGTTA,7,2
TTTGTGCCACAC,TTTGTGC,7,2
TTTGGATAACCT,TTTGGAT,7,2
TTTGGTCATTCA,TTTGGTC,7,2
TTTGGGAATCCG,TTTGGGA,7,2
TTGAAAGAATGC,TTGAAAG,7,2
TTGAACTACACT,TTGAACT,7,2
TTGACACAAGCT,TTGACAC,7,2
TTGACCAACATA,TTGACCA,7,2
TTGACTGAAACT,TTGACTG,7,2
TTGACGTATAAG,TTGACGT,7,2
TTGATATCAGGG,TTGATAT,7,2
TTGATCCAAAGG,TTGATCC,7,2
TTGATGGAGGTC,TTGATGG,7,2
TTGAGTTAGTTC,TTGAGTT,7,2
TTGCAATAACGT,TTGCAAT,7,2
TTGCACGAAAGT,TTGCACG,7,2
TTGCCAGAAGTT,TTGCCAG,7,2
TTGCCCTAGCTA,TTGCCCT,7,2
TTGCCGAAGGCC,TTGCCGA,7,2
TTGCTACATCTT,TTGCTAC,7,2
TTGCTTAAAGCC,TTGCTTA,7,2
TTGCGAACCAGC,TTGCGAA,7,2
TTGCGTCAGCAT,TTGCGTC,7,2
TTGCGGGAACAA,TTGCGGG,7,2
TTGTATCAGTTG,TTGTATC,7,2
TTGTCATATGGA,TTGTCAT,7,2
TTGTCCGACTCA,TTGTCCG,7,2
TTGTCTAATGCA,TTGTCTA,7,2
TTGTCGCACGAA,TTGTCGC,7,2
TTGTTAACGTGA,TTGTTAA,7,2
TTGTTTGAGCAT,TTGTTTG,7,2
TTGTTGTATCGG,TTGTTGT,7,2
TTGTGAGCATCT,TTGTGAG,7,2
TTGTGCAAACCC,TTGTGCA,7,2
TTGGAACATGTC,TTGGAAC,7,2
TTGGACAAAGAG,TTGGACA,7,2
TTGGATGAAAGC,TTGGATG,7,2
TTGGCAAATAGG,TTGGCAA,7,2
TTGGCCCACCAA,TTGGCCC,7,2
TTGGTCGAAGCG,TTGGTCG,7,2
TTGGTTCATTAC,TTGGTTC,7,2
TTGGTGAAACGA,TTGGTGA,7,2
TTGGGCTCCTGT,TTGGGCT,7,2
TTGGGTAAACAT,TTGGGTA,7,2
TGAAACAACGGT,TGAAACA,7,2
TGAAATCCAACC,TGAAATC,7,2
TGAAAGTCAAAC,TGAAAGT,7,2
TGAACTTCGACC,TGAACTT,7,2
TGAATCGAACAG,TGAATCG,7,2
TGAATGATCAAC,TGAATGA,7,2
TGAAGTAATGTG,TGAAGTA,7,2
TGAAGGCACGTC,TGAAGGC,7,2
TGACAACATGCT,TGACAAC,7,2
TGACAGGACTTC,TGACAGG,7,2
TGACCAGAGGAA,TGACCAG,7,2
TGACCCAAAGCT,TGACCCA,7,2
TGACCGCAACAC,TGACCGC,7,2
TGACTAACTCAC,TGACTAA,7,2
TGACGATAACTG,TGACGAT,7,2
TGACGTGAATAC,TGACGTG,7,2
TGATACCAAGGT,TGATACC,7,2
TGATATTCATCC,TGATATT,7,2
TGATAGAAAGAC,TGATAGA,7,2
TGATCAACCCAG,TGATCAA,7,2
TGATCTGACGAA,TGATCTG,7,2
TGATCGTTTCCT,TGATCGT,7,2
TGATTAGCAACC,TGATTAG,7,2
TGATTCACATGA,TGATTCA,7,2
TGATTGCATGTA,TGATTGC,7,2
TGATGCGAATTT,TGATGCG,7,2
TGATGTCCAGGT,TGATGTC,7,2
TGAGAAGAACTG,TGAGAAG,7,2
TGAGACTACGTA,TGAGACT,7,2
TGAGAGCACCGG,TGAGAGC,7,2
TGAGCATATATG,TGAGCAT,7,2
TGAGCCGATGGG,TGAGCCG,7,2
TGAGCTAACAAA,TGAGCTA,7,2
TGAGTCCAATAC,TGAGTCC,7,2
TGAGTTTAACTC,TGAGTTT,7,2
TGAGTGGAGAGG,TGAGTGG,7,2
TGAGGACAACGC,TGAGGAC,7,2
TGAGGCAAAGTG,TGAGGCA,7,2
TGAGGGTAATTG,TGAGGGT,7,2
TGCAAATAAGGT,TGCAAAT,7,2
TGCAACCCTTCT,TGCAACC,7,2
TGCAATATGGAA,TGCAATA,7,2
TGCAAGGCTAAT,TGCAAGG,7,2
TGCACAAATCTA,TGCACAA,7,2
TGCACTGAGGCC,TGCACTG,7,2
TGCACGTAAATT,TGCACGT,7,2
TGCATAGCATTT,TGCATAG,7,2
TGCATCTAAGGG,TGCATCT,7,2
TGCATGCAAGGC,TGCATGC,7,2
TGCAGCGATCAT,TGCAGCG,7,2
TGCAGTCACCAC,TGCAGTC,7,2
TGCAGGAACAAA,TGCAGGA,7,2
TGCCAAACACGA,TGCCAAA,7,2
TGCCACTATTTA,TGCCACT,7,2
TGCCAGCAGTTT,TGCCAGC,7,2
TGCCCATTTCAG,TGCCCAT,7,2
TGCCCTAACGTA,TGCCCTA,7,2
TGCCTACACATG,TGCCTAC,7,2
TGCCTTTAAGCA,TGCCTTT,7,2
TGCCTGGAATGA,TGCCTGG,7,2
TGCCGCACTCAT,TGCCGCA,7,2
TGCCGGTATGTT,TGCCGGT,7,2
TGCTAACAAGAC,TGCTAAC,7,2
TGCTACAGAGCG,TGCTACA,7,2
TGCTATGAGCGG,TGCTATG,7,2
TGCTAGTACCTA,TGCTAGT,7,2
TGCTCCCTTACA,TGCTCCC,7,2
TGCTCTTAAACC,TGCTCTT,7,2
TGCTTATAACTG,TGCTTAT,7,2
TGCTTCGATCGC,TGCTTCG,7,2
TGCTTTCACACG,TGCTTTC,7,2
TGCTTGACCATA,TGCTTGA,7,2
TGCTGAGTCCAA,TGCTGAG,7,2
TGCTGCTACCTG,TGCTGCT,7,2
TGCTGTACTATC,TGCTGTA,7,2
TGCTGGCAGGCA,TGCTGGC,7,2
TGCGACGAATTT,TGCGACG,7,2
TGCGATCATACG,TGCGATC,7,2
TGCGAGAAATAA,TGCGAGA,7,2
TGCGCAGATGAT,TGCGCAG,7,2
TGCGCCTTAGGT,TGCGCCT,7,2
TGCGCGCAACCT,TGCGCGC,7,2
TGCGTAAACCGA,TGCGTAA,7,2
TGCGTTGAAGGA,TGCGTTG,7,2
TGCGTGTATTGT,TGCGTGT,7,2
TGCGGCCCTGTT,TGCGGCC,7,2
TGCGGTTAGAGC,TGCGGTT,7,2
TGTAAACAACCT,TGTAAAC,7,2
TGTAACTATCAC,TGTAACT,7,2
TGTACATCTTAC,TGTACAT,7,2
TGTACCAAACAC,TGTACCA,7,2
TGTACTCAGCCT,TGTACTC,7,2
TGTATCCAGTAA,TGTATCC,7,2
TGTATTGAGCTG,TGTATTG,7,2
TGTATGTCTCTT,TGTATGT,7,2
TGTAGAGTGGTG,TGTAGAG,7,2
TGTAGTTACAGT,TGTAGTT,7,2
TGTCAATAATCC,TGTCAAT,7,2
TGTCACCCTGGC,TGTCACC,7,2
TGTCATGATCAA,TGTCATG,7,2
TGTCCACAATCA,TGTCCAC,7,2
TGTCCTTCCCTT,TGTCCTT,7,2
TGTCCGGACCTT,TGTCCGG,7,2
TGTCTAGAACCG,TGTCTAG,7,2
TGTCTCTAGGCA,TGTCTCT,7,2
TGTCTTAAGTAG,TGTCTTA,7,2
TGTCTGCAAGTC,TGTCTGC,7,2
TGTCGCGACAAT,TGTCGCG,7,2
TGTCGTCACTAT,TGTCGTC,7,2
TGTCGGAACCAG,TGTCGGA,7,2
TGTTAAGCAAGA,TGTTAAG,7,2
TGTTATCACAGC,TGTTATC,7,2
TGTTCCTACGGG,TGTTCCT,7,2
TGTTCTACCTTT,TGTTCTA,7,2
TGTTCGCAATAC,TGTTCGC,7,2
TGTTTAACAGTC,TGTTTAA,7,2
TGTTTGGATAGG,TGTTTGG,7,2
TGTTGACCTACT,TGTTGAC,7,2
TGTTGCAAACAG,TGTTGCA,7,2
TGTTGTGACCTT,TGTTGTG,7,2
TGTTGGTAGTCA,TGTTGGT,7,2
TGTGACAACCCA,TGTGACA,7,2
TGTGATTTCAGC,TGTGATT,7,2
TGTGAGGAAATC,TGTGAGG,7,2
TGTGCAAAGTGC,TGTGCAA,7,2
TGTGCCCACCTA,TGTGCCC,7,2
TGTGCTGAGATC,TGTGCTG,7,2
TGTGCGTAGTTT,TGTGCGT,7,2
TGTGTACCATGC,TGTGTAC,7,2
TGTGTCGACTAG,TGTGTCG,7,2
TGTGTGAACTAC,TGTGTGA,7,2
TGTGGCTATTAT,TGTGGCT,7,2
TGTGGTAACCTG,TGTGGTA,7,2
TGTGGGCAATCT,TGTGGGC,7,2
TGGAACGCCCAC,TGGAACG,7,2
TGGAAGAACCAT,TGGAAGA,7,2
TGGACCTAACCA,TGGACCT,7,2
TGGACTAAGCGC,TGGACTA,7,2
TGGACGCCGTGT,TGGACGC,7,2
TGGATCACTGAT,TGGATCA,7,2
TGGATTTAGATG,TGGATTT,7,2
TGGAGAACACAA,TGGAGAA,7,2
TGGAGCCAACCC,TGGAGCC,7,2
TGGAGTGAGAGT,TGGAGTG,7,2
TGGAGGTAACTC,TGGAGGT,7,2
TGGCATAACCTG,TGGCATA,7,2
TGGCCAACGACT,TGGCCAA,7,2
TGGCCCGACGTA,TGGCCCG,7,2
TGGCCTCATCTC,TGGCCTC,7,2
TGGCCGTATGAG,TGGCCGT,7,2
TGGCTTGCAAGG,TGGCTTG,7,2
TGGCTGAAAGGC,TGGCTGA,7,2
TGGCGAGACAAA,TGGCGAG,7,2
TGGCGCTAACCG,TGGCGCT,7,2
TGGCGGCCATGA,TGGCGGC,7,2
TGGTAATCAACC,TGGTAAT,7,2
TGGTAGCAAGCA,TGGTAGC,7,2
TGGTCAGACATG,TGGTCAG,7,2
TGGTCGAACAGT,TGGTCGA,7,2
TGGTTACACATC,TGGTTAC,7,2
TGGTGTTACATA,TGGTGTT,7,2
TGGTGGGAAAGC,TGGTGGG,7,2
TGGGAAACAGTC,TGGGAAA,7,2
TGGGACCATTGT,TGGGACC,7,2
TGGGAGTTAGAT,TGGGAGT,7,2
TGGGCACACCCA,TGGGCAC,7,2
TGGGCCAAGCAG,TGGGCCA,7,2
TGGGCTTCTAGC,TGGGCTT,7,2
TGGGCGGTCTCA,TGGGCGG,7,2
TGGGTATATGAA,TGGGTAT,7,2
TGGGTTAATCGT,TGGGTTA,7,2
TGGGTGCAAACC,TGGGTGC,7,2
GAAACATCCGCC,GAAACAT,7,2
GAAACCGATGGC,GAAACCG,7,2
GAAACTAAGTGT,GAAACTA,7,2
GAAACGCCGCCA,GAAACGC,7,2
GAAATAGCAACT,GAAATAG,7,2
GAAATCTACCCA,GAAATCT,7,2
GAAATTCTGATG,GAAATTC,7,2
GAAATGACAGTG,GAAATGA,7,2
GAAAGAACCCTG,GAAAGAA,7,2
GAAAGCCAAGCC,GAAAGCC,7,2
GAAAGTTACGTA,GAAAGTT,7,2
GAAAGGGAGCCT,GAAAGGG,7,2
GAACAAGCACGG,GAACAAG,7,2
GAACACTAGGAG,GAACACT,7,2
GAACATCACCTT,GAACATC,7,2
GAACAGAATGAT,GAACAGA,7,2
GAACCTTTCACG,GAACCTT,7,2
GAACGACCGACA,GAACGAC,7,2
GAACGCACATGT,GAACGCA,7,2
GAACGTGCAGTC,GAACGTG,7,2
GAACGGTACGTT,GAACGGT,7,2
GAATACGAGAGC,GAATACG,7,2
GAATATTTCTCC,GAATATT,7,2
GAATAGCATCAT,GAATAGC,7,2
GAATCAGAAAGG,GAATCAG,7,2
GAATCCTCTAAC,GAATCCT,7,2
GAATCTCACATC,GAATCTC,7,2
GAATCGACATCC,GAATCGA,7,2
GAATTACCTTGA,GAATTAC,7,2
GAATTCAATTGG,GAATTCA,7,2
GAATTTGAAAGC,GAATTTG,7,2
GAATTGTCGTGC,GAATTGT,7,2
GAAGATGACGAC,GAAGATG,7,2
GAAGAGTATAAG,GAAGAGT,7,2
GAAGCAATTGCA,GAAGCAA,7,2
GAAGCGGATGAG,GAAGCGG,7,2
GAAGTCGAAACC,GAAGTCG,7,2
GAAGTGCCACCG,GAAGTGC,7,2
GAAGGATAGCAG,GAAGGAT,7,2
GAAGGTAAATGT,GAAGGTA,7,2
GACAACGACGCG,GACAACG,7,2
GACAATTACTCG,GACAATT,7,2
GACAAGCATGTG,GACAAGC,7,2
GACACAGACGCA,GACACAG,7,2
GACACCTAACGT,GACACCT,7,2
GACACTCAAGCA,GACACTC,7,2
GACACGAACCTG,GACACGA,7,2
GACATCCCGTAT,GACATCC,7,2
GACATGGACAAA,GACATGG,7,2
GACAGACAAATC,GACAGAC,7,2
GACAGCAACTCA,GACAGCA,7,2
GACAGTGAATCC,GACAGTG,7,2
GACAGGTAAGAT,GACAGGT,7,2
GACCACCAGATC,GACCACC,7,2
GACCATGAGACC,GACCATG,7,2
GACCAGTCTTGG,GACCAGT,7,2
GACCCAAACGGC,GACCCAA,7,2
GACCCGCAAACT,GACCCGC,7,2
GACCTAGATGAC,GACCTAG,7,2
GACCTCTAAAGA,GACCTCT,7,2
GACCTTCAAGCG,GACCTTC,7,2
GACCTGATTCAC,GACCTGA,7,2
GACCGCGACTTG,GACCGCG,7,2
GACCGTTCATCG,GACCGTT,7,2
GACTAAGAAAGC,GACTAAG,7,2
GACTACTAACGC,GACTACT,7,2
GACTATCAAACG,GACTATC,7,2
GACTAGACCGTT,GACTAGA,7,2
GACTCATAACAA,GACTCAT,7,2
GACTCCGATCTC,GACTCCG,7,2
GACTCTAATACG,GACTCTA,7,2
GACTTGCAGTCT,GACTTGC,7,2
GACTGAATTCCG,GACTGAA,7,2
GACTGCCTAATT,GACTGCC,7,2
GACTGGGATCGC,GACTGGG,7,2
GACGAACAAACA,GACGAAC,7,2
GACGACAACTGC,GACGACA,7,2
GACGAGGCCTTT,GACGAGG,7,2
GACGCCCTATGC,GACGCCC,7,2
GACGCTGACACG,GACGCTG,7,2
GACGCGTATGCC,GACGCGT,7,2
GACGTAAATTCA,GACGTAA,7,2
GACGTTTATTTC,GACGTTT,7,2
GACGGAGACAAC,GACGGAG,7,2
GACGGCTAAAGC,GACGGCT,7,2
GACGGTCAAGAC,GACGGTC,7,2
GACGGGAAATTG,GACGGGA,7,2
GATAAAGAACGC,GATAAAG,7,2
GATAACTATCGC,GATAACT,7,2
GATAATCCGATA,GATAATC,7,2
GATAAGAACTAC,GATAAGA,7,2
GATATACATCCA,GATATAC,7,2
GATATCAACTCG,GATATCA,7,2
GATATTTCGTAC,GATATTT,7,2
GATAGATATGGG,GATAGAT,7,2
GATAGTAACGAA,GATAGTA,7,2
GATCACGCAGTC,GATCACG,7,2
GATCATTAGGTG,GATCATT,7,2
GATCAGCACAAG,GATCAGC,7,2
GATCCAGATTTA,GATCCAG,7,2
GATCCTCTACCG,GATCCTC,7,2
GATCCGAAGTCA,GATCCGA,7,2
GATCTAACTCTT,GATCTAA,7,2
GATCTTGCAACA,GATCTTG,7,2
GATCTGTAACAA,GATCTGT,7,2
GATCGCTCCTTT,GATCGCT,7,2
GATTAATCGTGG,GATTAAT,7,2
GATTACCCACTA,GATTACC,7,2
GATTATACCACC,GATTATA,7,2
GATTCAATACAC,GATTCAA,7,2
GATTCTTCCTAC,GATTCTT,7,2
GATTCGCGACAA,GATTCGC,7,2
GATTTCGAAGCG,GATTTCG,7,2
GATTGAGAACGG,GATTGAG,7,2
GATTGTCCTAAG,GATTGTC,7,2
GATTGGAACCGA,GATTGGA,7,2
GATGCACAGCCG,GATGCAC,7,2
GATGCCAACAAC,GATGCCA,7,2
GATGTAGACTCA,GATGTAG,7,2
GATGTCCCGACC,GATGTCC,7,2
GATGTGACATCG,GATGTGA,7,2
GATGGAACGATG,GATGGAA,7,2
GATGGTGAAGTC,GATGGTG,7,2
GATGGGTACATA,GATGGGT,7,2
GAGAAATACGGC,GAGAAAT,7,2
GAGAACCACTAC,GAGAACC,7,2
GAGAATAACATC,GAGAATA,7,2
GAGACAAGATTG,GAGACAA,7,2
GAGACTTCAATT,GAGACTT,7,2
GAGATTGAGACA,GAGATTG,7,2
GAGATGCACGGG,GAGATGC,7,2
GAGAGAGACTCA,GAGAGAG,7,2
GAGAGCTCAAGT,GAGAGCT,7,2
GAGAGTCAAGGC,GAGAGTC,7,2
GAGAGGAAAGAA,GAGAGGA,7,2
GAGCAAACGTCT,GAGCAAA,7,2
GAGCAGGAACAT,GAGCAGG,7,2
GAGCCATACATT,GAGCCAT,7,2
GAGCCCGAGAAC,GAGCCCG,7,2
GAGCCTAAACGG,GAGCCTA,7,2
GAGCTACACCAC,GAGCTAC,7,2
GAGCTCATACTG,GAGCTCA,7,2
GAGCTTTACAGA,GAGCTTT,7,2
GAGCGCCAAGCA,GAGCGCC,7,2
GAGTAACACTAA,GAGTAAC,7,2
GAGTACAACGAT,GAGTACA,7,2
GAGTATGAACTA,GAGTATG,7,2
GAGTAGTAGTCC,GAGTAGT,7,2
GAGTTAGACTTC,GAGTTAG,7,2
GAGTTCTACTAG,GAGTTCT,7,2
GAGTTTCCGGGC,GAGTTTC,7,2
GAGTTGAACCTT,GAGTTGA,7,2
GAGTGATAAGGC,GAGTGAT,7,2
GAGTGCGCGCTT,GAGTGCG,7,2
GAGTGTAAAGAT,GAGTGTA,7,2
GAGTGGCCAAAG,GAGTGGC,7,2
GAGGAAGAACGA,GAGGAAG,7,2
GAGGATTCTGCT,GAGGATT,7,2
GAGGAGATCTAA,GAGGAGA,7,2
GAGGCCTTAGCT,GAGGCCT,7,2
GAGGCTCATAGG,GAGGCTC,7,2
GAGGTATAAGTT,GAGGTAT,7,2
GAGGTTACCGAC,GAGGTTA,7,2
GAGGGACAACGG,GAGGGAC,7,2
GAGGGCACATGG,GAGGGCA,7,2
GCAAACGAGGGC,GCAAACG,7,2
GCAAATTCTTGA,GCAAATT,7,2
GCAAAGCACACT,GCAAAGC,7,2
GCAACAGAACTC,GCAACAG,7,2
GCAACCTACGGC,GCAACCT,7,2
GCAACTCACATT,GCAACTC,7,2
GCAACGATACCC,GCAACGA,7,2
GCAATATAGGTA,GCAATAT,7,2
GCAATCCAAGTC,GCAATCC,7,2
GCAATTGACAAG,GCAATTG,7,2
GCAAGACACATG,GCAAGAC,7,2
GCAAGCACAAGT,GCAAGCA,7,2
GCAAGGTAGCGA,GCAAGGT,7,2
GCACAATAAGCT,GCACAAT,7,2
GCACACCAATAT,GCACACC,7,2
GCACATGAGTTC,GCACATG,7,2
GCACCAACATCA,GCACCAA,7,2
GCACCCGCATTG,GCACCCG,7,2
GCACCGCAAATT,GCACCGC,7,2
GCACTAGAGCCT,GCACTAG,7,2
GCACTTCACACT,GCACTTC,7,2
GCACTGAAGCCC,GCACTGA,7,2
GCACGTTCTGGT,GCACGTT,7,2
GCACGGGATTCG,GCACGGG,7,2
GCATAAGAACAT,GCATAAG,7,2
GCATACTAGTAT,GCATACT,7,2
GCATATACATAG,GCATATA,7,2
GCATCATCGGTC,GCATCAT,7,2
GCATCGGTAACC,GCATCGG,7,2
GCATGAAACAAG,GCATGAA,7,2
GCATGCCTAAAT,GCATGCC,7,2
GCATGTGCACGT,GCATGTG,7,2
GCAGAACATCCA,GCAGAAC,7,2
GCAGACAGAAGG,GCAGACA,7,2
GCAGAGGACCCT,GCAGAGG,7,2
GCAGCCCAATAA,GCAGCCC,7,2
GCAGCTGAGGTT,GCAGCTG,7,2
GCAGCGTACATG,GCAGCGT,7,2
GCAGTAATCTGC,GCAGTAA,7,2
GCAGTCTAATCG,GCAGTCT,7,2
GCAGGAGCGCTT,GCAGGAG,7,2
GCAGGTCAACGA,GCAGGTC,7,2
GCAGGGAAATCT,GCAGGGA,7,2
GCCAAAGAATAC,GCCAAAG,7,2
GCCAACTAAGGC,GCCAACT,7,2
GCCAATCAAATG,GCCAATC,7,2
GCCAAGAAATGG,GCCAAGA,7,2
GCCACATAGTAC,GCCACAT,7,2
GCCACCGTGTGT,GCCACCG,7,2
GCCACTAATACC,GCCACTA,7,2
GCCACGCAGATG,GCCACGC,7,2
GCCATACAATAT,GCCATAC,7,2
GCCATCAATAGG,GCCATCA,7,2
GCCATGTACTTA,GCCATGT,7,2
GCCAGAACAAGA,GCCAGAA,7,2
GCCAGCCATCTG,GCCAGCC,7,2
GCCAGGGATAGG,GCCAGGG,7,2
GCCCAACAGAAA,GCCCAAC,7,2
GCCCACAAGATG,GCCCACA,7,2
GCCCATTAAGCA,GCCCATT,7,2
GCCCAGGAGTCA,GCCCAGG,7,2
GCCCTATACCGG,GCCCTAT,7,2
GCCCTCCATTAG,GCCCTCC,7,2
GCCCTTAAGACC,GCCCTTA,7,2
GCCCGAGGGAAT,GCCCGAG,7,2
GCCCGCTAAACA,GCCCGCT,7,2
GCCCGGAAAGAC,GCCCGGA,7,2
GCCTAATAACAC,GCCTAAT,7,2
GCCTACGAACAA,GCCTACG,7,2
GCCTAGCCGTCT,GCCTAGC,7,2
GCCTCAGAAATT,GCCTCAG,7,2
GCCTCCTTTACA,GCCTCCT,7,2
GCCTCTCACTAA,GCCTCTC,7,2
GCCTCGAAGCAC,GCCTCGA,7,2
GCCTTAAAGCGG,GCCTTAA,7,2
GCCTTTGACGAA,GCCTTTG,7,2
GCCTGACAAGGT,GCCTGAC,7,2
GCCTGCAACACG,GCCTGCA,7,2
GCCTGTTAGAAC,GCCTGTT,7,2
GCCGAAACAAGC,GCCGAAA,7,2
GCCGACCAGAAT,GCCGACC,7,2
GCCGATGAAGTC,GCCGATG,7,2
GCCGAGTAACGG,GCCGAGT,7,2
GCCGCACTCAAA,GCCGCAC,7,2
GCCGCCATACTT,GCCGCCA,7,2
GCCGCTTTCAGG,GCCGCTT,7,2
GCCGCGGAATTT,GCCGCGG,7,2
GCCGTCGTTTCC,GCCGTCG,7,2
GCCGTTCAGATA,GCCGTTC,7,2
GCCGTGACCTAC,GCCGTGA,7,2
GCCGGATAGGAT,GCCGGAT,7,2
GCCGGTAACTGT,GCCGGTA,7,2
GCTAACCATCCT,GCTAACC,7,2
GCTAATACTCCA,GCTAATA,7,2
GCTAAGTCTCGA,GCTAAGT,7,2
GCTACAAATCAA,GCTACAA,7,2
GCTACTTAAAGC,GCTACTT,7,2
GCTACGGCCGTT,GCTACGG,7,2
GCTATCGCTTAT,GCTATCG,7,2
GCTATGACATGA,GCTATGA,7,2
GCTAGAGCGGAC,GCTAGAG,7,2
GCTAGCTACACT,GCTAGCT,7,2
GCTAGTCAGTGC,GCTAGTC,7,2
GCTCAAACAATT,GCTCAAA,7,2
GCTCACTACTTA,GCTCACT,7,2
GCTCATCACGGC,GCTCATC,7,2
GCTCCATACGAG,GCTCCAT,7,2
GCTCCTACAGTG,GCTCCTA,7,2
GCTCTTTACGTG,GCTCTTT,7,2
GCTCTGGCTGTG,GCTCTGG,7,2
GCTCGACAATAT,GCTCGAC,7,2
GCTCGCAAATGA,GCTCGCA,7,2
GCTCGGTAGAAG,GCTCGGT,7,2
GCTTAACCGGCC,GCTTAAC,7,2
GCTTACAATTGT,GCTTACA,7,2
GCTTATTCCACG,GCTTATT,7,2
GCTTAGGAGCGG,GCTTAGG,7,2
GCTTCCCACGTG,GCTTCCC,7,2
GCTTCTGACACG,GCTTCTG,7,2
GCTTCGTTCCGA,GCTTCGT,7,2
GCTTTAGAGCAC,GCTTTAG,7,2
GCTTTCTACATT,GCTTTCT,7,2
GCTTGATACGTC,GCTTGAT,7,2
GCTTGCGAAGCT,GCTTGCG,7,2
GCTTGTACAAAT,GCTTGTA,7,2
GCTTGGCACGGA,GCTTGGC,7,2
GCTGAATACTCT,GCTGAAT,7,2
GCTGACGAAGAA,GCTGACG,7,2
GCTGAGACATAT,GCTGAGA,7,2
GCTGCAGAACAC,GCTGCAG,7,2
GCTGCCTTCTCT,GCTGCCT,7,2
GCTGCTCATCCT,GCTGCTC,7,2
GCTGTCAAATCT,GCTGTCA,7,2
GCTGTTGACATA,GCTGTTG,7,2
GCTGTGTAGGAT,GCTGTGT,7,2
GCTGGCCTTCGA,GCTGGCC,7,2
GCTGGTTAGCTA,GCTGGTT,7,2
GCGAAACCGGAC,GCGAAAC,7,2
GCGAACAAGCGA,GCGAACA,7,2
GCGAAGGATGTA,GCGAAGG,7,2
GCGACCCGAAAT,GCGACCC,7,2
GCGACTGACTAC,GCGACTG,7,2
GCGACGTCGTAC,GCGACGT,7,2
GCGATAAACCAG,GCGATAA,7,2
GCGATCTCTTGA,GCGATCT,7,2
GCGATTCACTGC,GCGATTC,7,2
GCGAGATATGAT,GCGAGAT,7,2
GCGAGCGAATCT,GCGAGCG,7,2
GCGAGTAATACT,GCGAGTA,7,2
GCGAGGCCATTG,GCGAGGC,7,2
GCGCAAGACGTG,GCGCAAG,7,2
GCGCAGAAATCT,GCGCAGA,7,2
GCGCCCTTTCTC,GCGCCCT,7,2
GCGCCTCAAACG,GCGCCTC,7,2
GCGCCGGATTAT,GCGCCGG,7,2
GCGCTCGAGACA,GCGCTCG,7,2
GCGCTGCCCTTT,GCGCTGC,7,2
GCGCGAAATTGC,GCGCGAA,7,2
GCGTAAACCTAT,GCGTAAA,7,2
GCGTACCATAAT,GCGTACC,7,2
GCGTCACCGATG,GCGTCAC,7,2
GCGTCCAAACGT,GCGTCCA,7,2
GCGTCTTAGTCC,GCGTCTT,7,2
GCGTTTAATGAC,GCGTTTA,7,2
GCGTTGGAAGCC,GCGTTGG,7,2
GCGTGAGAGAAC,GCGTGAG,7,2
GCGTGCTAACTC,GCGTGCT,7,2
GCGTGTCCTTAT,GCGTGTC,7,2
GCGTGGACTTGG,GCGTGGA,7,2
GCGGACTATTCT,GCGGACT,7,2
GCGGATAAGCGG,GCGGATA,7,2
GCGGAGCCAAGT,GCGGAGC,7,2
GCGGCATACTAA,GCGGCAT,7,2
GCGGCCGCTTAA,GCGGCCG,7,2
GCGGCGAAAGTC,GCGGCGA,7,2
GCGGTACATATT,GCGGTAC,7,2
GCGGTTTATGAT,GCGGTTT,7,2
GCGGGTGAACTC,GCGGGTG,7,2
GTAAACTACACA,GTAAACT,7,2
GTAAATGAAAGC,GTAAATG,7,2
GTAAAGAAACCA,GTAAAGA,7,2
GTAACTTAAGGA,GTAACTT,7,2
GTAATAACAGCT,GTAATAA,7,2
GTAATGCCATTA,GTAATGC,7,2
GTAAGAGAACGG,GTAAGAG,7,2
GTAAGTAACCTC,GTAAGTA,7,2
GTACAACCAGAG,GTACAAC,7,2
GTACACGATCAA,GTACACG,7,2
GTACATTAGGCG,GTACATT,7,2
GTACCAGCAAGG,GTACCAG,7,2
GTACCTCAATGC,GTACCTC,7,2
GTACCGAACTAC,GTACCGA,7,2
GTACTCAAGCTG,GTACTCA,7,2
GTACTGGACGGA,GTACTGG,7,2
GTACGATACCCT,GTACGAT,7,2
GTATAATCAGAC,GTATAAT,7,2
GTATACCAATAG,GTATACC,7,2
GTATAGGCAGAT,GTATAGG,7,2
GTATCAACAACT,GTATCAA,7,2
GTATCTGACTGG,GTATCTG,7,2
GTATCGCTACCG,GTATCGC,7,2
GTATTAGTCAAG,GTATTAG,7,2
GTATTCTCCCTA,GTATTCT,7,2
GTATTTAAGGAC,GTATTTA,7,2
GTATGCGAAGTG,GTATGCG,7,2
GTATGTCAACAC,GTATGTC,7,2
GTATGGAAGCCA,GTATGGA,7,2
GTAGAAGAGTTT,GTAGAAG,7,2
GTAGATCAATGA,GTAGATC,7,2
GTAGCATACTTT,GTAGCAT,7,2
GTAGCCAGCCGT,GTAGCCA,7,2
GTAGTACACGAG,GTAGTAC,7,2
GTAGTTTAACGT,GTAGTTT,7,2
GTAGTGAACTAA,GTAGTGA,7,2
GTAGGAAACGGC,GTAGGAA,7,2
GTAGGCTACTTA,GTAGGCT,7,2
GTAGGTGACGGT,GTAGGTG,7,2
GTAGGGCAATAG,GTAGGGC,7,2
GTCAAATAAGCG,GTCAAAT,7,2
GTCAACCAATGT,GTCAACC,7,2
GTCAATAAAGGT,GTCAATA,7,2
GTCAAGGTATTC,GTCAAGG,7,2
GTCACAACCAAA,GTCACAA,7,2
GTCACTGCACAT,GTCACTG,7,2
GTCACGTAAATC,GTCACGT,7,2
GTCATAGAAGTT,GTCATAG,7,2
GTCATCTAATGG,GTCATCT,7,2
GTCATGAACTGA,GTCATGA,7,2
GTCAGCGTTTAA,GTCAGCG,7,2
GTCAGTCTATTT,GTCAGTC,7,2
GTCCAAACTAGA,GTCCAAA,7,2
GTCCACTCAGTA,GTCCACT,7,2
GTCCAGCAGCTT,GTCCAGC,7,2
GTCCCATCCGTG,GTCCCAT,7,2
GTCCCTAAGCCT,GTCCCTA,7,2
GTCCTACCCGGA,GTCCTAC,7,2
GTCCGCACACTG,GTCCGCA,7,2
GTCCGTGCATCA,GTCCGTG,7,2
GTCCGGTGAACC,GTCCGGT,7,2
GTCTAACAGCTG,GTCTAAC,7,2
GTCTACAAACAT,GTCTACA,7,2
GTCTATGAGAAA,GTCTATG,7,2
GTCTAGTATACG,GTCTAGT,7,2
GTCTCCCAACGG,GTCTCCC,7,2
GTCTCTTCTGGT,GTCTCTT,7,2
GTCTCGGATTCA,GTCTCGG,7,2
GTCTTATAGCAT,GTCTTAT,7,2
GTCTTTCACCCA,GTCTTTC,7,2
GTCTGAGAAGGG,GTCTGAG,7,2
GTCTGCTATTTC,GTCTGCT,7,2
GTCTGTAATTGC,GTCTGTA,7,2
GTCTGGCAAATA,GTCTGGC,7,2
GTCGACGCAACA,GTCGACG,7,2
GTCGATTCGTGT,GTCGATT,7,2
GTCGAGACTTTG,GTCGAGA,7,2
GTCGCAGACTGG,GTCGCAG,7,2
GTCGCCTAAGGT,GTCGCCT,7,2
GTCGCTCACAGC,GTCGCTC,7,2
GTCGTCACGCTT,GTCGTCA,7,2
GTCGTTGAAAGC,GTCGTTG,7,2
GTCGTGCATCCC,GTCGTGC,7,2
GTCGGACACCTA,GTCGGAC,7,2
GTTAAACCCGTG,GTTAAAC,7,2
GTTAACGAGAGA,GTTAACG,7,2
GTTAATTCATCC,GTTAATT,7,2
GTTACATCAGCG,GTTACAT,7,2
GTTACTCACGGG,GTTACTC,7,2
GTTACGAACTTA,GTTACGA,7,2
GTTATCCAATCA,GTTATCC,7,2
GTTATTGACTCG,GTTATTG,7,2
GTTAGCAACATA,GTTAGCA,7,2
GTTAGGCCTCAC,GTTAGGC,7,2
GTTCAATAATCG,GTTCAAT,7,2
GTTCACCGAGCC,GTTCACC,7,2
GTTCATATACCT,GTTCATA,7,2
GTTCCACACGCA,GTTCCAC,7,2
GTTCCCAAGTGG,GTTCCCA,7,2
GTTCCTTACTGT,GTTCCTT,7,2
GTTCCGGACGAG,GTTCCGG,7,2
GTTCTAGATGGA,GTTCTAG,7,2
GTTCTCTACATA,GTTCTCT,7,2
GTTCTGCTAGCG,GTTCTGC,7,2
GTTCGAAACAGC,GTTCGAA,7,2
GTTCGCGAACAC,GTTCGCG,7,2
GTTCGTCAAGTT,GTTCGTC,7,2
GTTTAAAGGGCC,GTTTAAA,7,2
GTTTACTACAGC,GTTTACT,7,2
GTTTATCACCCT,GTTTATC,7,2
GTTTCAGAAGGC,GTTTCAG,7,2
GTTTCTAAGCCG,GTTTCTA,7,2
GTTTGACACATT,GTTTGAC,7,2
GTTTGTTCCTAG,GTTTGTT,7,2
GTTTGGGAAACC,GTTTGGG,7,2
GTTGACACGTCC,GTTGACA,7,2
GTTGATGATAAC,GTTGATG,7,2
GTTGCAAACCCT,GTTGCAA,7,2
GTTGCCCTTTCA,GTTGCCC,7,2
GTTGCGTATCTT,GTTGCGT,7,2
GTTGTATAACGC,GTTGTAT,7,2
GTTGTCGATGCG,GTTGTCG,7,2
GTTGTTCACATT,GTTGTTC,7,2
GTTGGAGCTGGT,GTTGGAG,7,2
GTTGGTACTTTG,GTTGGTA,7,2
GTGAATCATCGT,GTGAATC,7,2
GTGACCTAATAA,GTGACCT,7,2
GTGACTAAATCC,GTGACTA,7,2
GTGACGCACTCG,GTGACGC,7,2
GTGATCAACGTG,GTGATCA,7,2
GTGATTTCATTG,GTGATTT,7,2
GTGAGAACAATG,GTGAGAA,7,2
GTGAGCCACAGC,GTGAGCC,7,2
GTGAGTGCCTAA,GTGAGTG,7,2
GTGAGGTAAGTG,GTGAGGT,7,2
GTGCACAGTCTC,GTGCACA,7,2
GTGCATGAAGTA,GTGCATG,7,2
GTGCAGTTCTGT,GTGCAGT,7,2
GTGCCAAATTAA,GTGCCAA,7,2
GTGCTATAATAG,GTGCTAT,7,2
GTGCTCCAAAGA,GTGCTCC,7,2
GTGCTGAAGCGG,GTGCTGA,7,2
GTGCGACAAACT,GTGCGAC,7,2
GTGCGCTAACGC,GTGCGCT,7,2
GTGCGTAACCAA,GTGCGTA,7,2
GTGTAAGAGACT,GTGTAAG,7,2
GTGTATTATCTG,GTGTATT,7,2
GTGTAGAAATGA,GTGTAGA,7,2
GTGTCTCCTGAG,GTGTCTC,7,2
GTGTCGTCGCAT,GTGTCGT,7,2
GTGTTACACCTG,GTGTTAC,7,2
GTGTTCGCTTCC,GTGTTCG,7,2
GTGGAAACCTTT,GTGGAAA,7,2
GTGGACCACTCT,GTGGACC,7,2
GTGGAGGCAGTG,GTGGAGG,7,2
GTGGCACATGCG,GTGGCAC,7,2
GTGGCTTCACTA,GTGGCTT,7,2
GTGGTAGACGGC,GTGGTAG,7,2
GTGGTCTACCCG,GTGGTCT,7,2
GTGGGATCACCA,GTGGGAT,7,2
GTGGGCGATACT,GTGGGCG,7,2
GTGGGTCAGGTC,GTGGGTC,7,2
GGAAACCATATG,GGAAACC,7,2
GGAAATAACGGA,GGAAATA,7,2
GGAAAGGACGGG,GGAAAGG,7,2
GGAACAAACAGG,GGAACAA,7,2
GGAACTGACTAA,GGAACTG,7,2
GGAACGTATGTA,GGAACGT,7,2
GGAATACCAGCC,GGAATAC,7,2
GGAATCAACCTT,GGAATCA,7,2
GGAAGATAAACA,GGAAGAT,7,2
GGAAGCGAATTG,GGAAGCG,7,2
GGAAGGAACTGT,GGAAGGA,7,2
GGACAAACCGGA,GGACAAA,7,2
GGACAGTACTTG,GGACAGT,7,2
GGACCACCAAGT,GGACCAC,7,2
GGACCCTATCAC,GGACCCT,7,2
GGACCTAAAGTT,GGACCTA,7,2
GGACTATACTAT,GGACTAT,7,2
GGACTCCCTACT,GGACTCC,7,2
GGACTTGAGCCA,GGACTTG,7,2
GGACGAGCAAGC,GGACGAG,7,2
GGACGTCAATAA,GGACGTC,7,2
GGATAACACCCT,GGATAAC,7,2
GGATACAATTCA,GGATACA,7,2
GGATATGAAACT,GGATATG,7,2
GGATCCCAAAGT,GGATCCC,7,2
GGATCTTAATCT,GGATCTT,7,2
GGATTCGAAGGC,GGATTCG,7,2
GGATTTCCTCCA,GGATTTC,7,2
GGATTGAAAGTC,GGATTGA,7,2
GGATGCTTATGG,GGATGCT,7,2
GGATGTACACAA,GGATGTA,7,2
GGATGGCAACTA,GGATGGC,7,2
GGAGAATACTGG,GGAGAAT,7,2
GGAGAGACCTGT,GGAGAGA,7,2
GGAGCAGCTACG,GGAGCAG,7,2
GGAGCTCAGTGG,GGAGCTC,7,2
GGAGTGTACCCA,GGAGTGT,7,2
GGAGGCCATCGA,GGAGGCC,7,2
GGAGGTTACACT,GGAGGTT,7,2
GGCAAACAGACC,GGCAAAC,7,2
GGCAACAACTAG,GGCAACA,7,2
GGCAATGATAAA,GGCAATG,7,2
GGCAAGTAATTA,GGCAAGT,7,2
GGCACCCTCTAT,GGCACCC,7,2
GGCACTTATCTG,GGCACTT,7,2
GGCACGGAATGT,GGCACGG,7,2
GGCATAAAGGCC,GGCATAA,7,2
GGCATCGAGTCC,GGCATCG,7,2
GGCATTCACCGC,GGCATTC,7,2
GGCAGAGAAGTC,GGCAGAG,7,2
GGCAGCTATTAG,GGCAGCT,7,2
GGCAGTAAGAGA,GGCAGTA,7,2
GGCAGGCAAATT,GGCAGGC,7,2
GGCCAATTTACT,GGCCAAT,7,2
GGCCATCTCATT,GGCCATC,7,2
GGCCAGATCGCT,GGCCAGA,7,2
GGCCCTGTGCTT,GGCCCTG,7,2
GGCCCGTTCAAG,GGCCCGT,7,2
GGCCTCACATGA,GGCCTCA,7,2
GGCCTGCATTTG,GGCCTGC,7,2
GGCCGAAACTAC,GGCCGAA,7,2
GGCTAAACCGGG,GGCTAAA,7,2
GGCTACCACGAG,GGCTACC,7,2
GGCTATTAAGGG,GGCTATT,7,2
GGCTAGGACTAC,GGCTAGG,7,2
GGCTCACACTAC,GGCTCAC,7,2
GGCTCCAACGTG,GGCTCCA,7,2
GGCTTCTAATAC,GGCTTCT,7,2
GGCTTTACCTTA,GGCTTTA,7,2
GGCTGATATTCC,GGCTGAT,7,2
GGCTGCGTAACT,GGCTGCG,7,2
GGCTGTCATGAG,GGCTGTC,7,2
GGCTGGACACTA,GGCTGGA,7,2
GGCGAAGAAGCA,GGCGAAG,7,2
GGCGACTGACCT,GGCGACT,7,2
GGCGATAAGGTC,GGCGATA,7,2
GGCGAGCAAATA,GGCGAGC,7,2
GGCGCATAACTT,GGCGCAT,7,2
GGCGCCGTATGT,GGCGCCG,7,2
GGCGCGACATGA,GGCGCGA,7,2
GGCGTACAACCC,GGCGTAC,7,2
GGCGTGGAGGTT,GGCGTGG,7,2
GGCGGCAATTCT,GGCGGCA,7,2
GGCGGTGATTGG,GGCGGTG,7,2
GGCGGGTATTTA,GGCGGGT,7,2
GGTAAATGACTT,GGTAAAT,7,2
GGTAAGCAATCG,GGTAAGC,7,2
GGTACACAATAA,GGTACAC,7,2
GGTACCTATACA,GGTACCT,7,2
GGTACTAATTAG,GGTACTA,7,2
GGTATAGAACCC,GGTATAG,7,2
GGTAGAAACAAT,GGTAGAA,7,2
GGTAGCCAGGTC,GGTAGCC,7,2
GGTAGTGAATGT,GGTAGTG,7,2
GGTAGGTAGCGG,GGTAGGT,7,2
GGTCAACTCGCG,GGTCAAC,7,2
GGTCACAAGGCT,GGTCACA,7,2
GGTCAGGAGTCT,GGTCAGG,7,2
GGTCCAACAGGG,GGTCCAA,7,2
GGTCCCGAAATG,GGTCCCG,7,2
GGTCCGCAACCA,GGTCCGC,7,2
GGTCTGAAACTG,GGTCTGA,7,2
GGTCGATACCCA,GGTCGAT,7,2
GGTCGTACAAGA,GGTCGTA,7,2
GGTTACGCTCGG,GGTTACG,7,2
GGTTAGAAGAGG,GGTTAGA,7,2
GGTTCATCATTG,GGTTCAT,7,2
GGTTCTCACCTT,GGTTCTC,7,2
GGTTTACACTGG,GGTTTAC,7,2
GGTTTCAACGTA,GGTTTCA,7,2
GGTTTGTACCCT,GGTTTGT,7,2
GGTGAAACGTGT,GGTGAAA,7,2
GGTGACCCAACG,GGTGACC,7,2
GGTGAGTAAGTC,GGTGAGT,7,2
GGTGCTTCATAA,GGTGCTT,7,2
GGTGCGGAACAG,GGTGCGG,7,2
GGTGTCTTTCCA,GGTGTCT,7,2
GGTGTTAAATCA,GGTGTTA,7,2
GGTGTGCATTTA,GGTGTGC,7,2
GGTGGACAGCAA,GGTGGAC,7,2
GGTGGCGTCAAT,GGTGGCG,7,2
GGTGGGAACTAA,GGTGGGA,7,2
GGGAAAGATACC,GGGAAAG,7,2
GGGAACTAGTGC,GGGAACT,7,2
GGGACATATATG,GGGACAT,7,2
GGGACCGACTTC,GGGACCG,7,2
GGGACTCACACA,GGGACTC,7,2
GGGACGAAATTG,GGGACGA,7,2
GGGATGTATGAG,GGGATGT,7,2
GGGAGACCAAGC,GGGAGAC,7,2
GGGAGCAACCTC,GGGAGCA,7,2
GGGAGTTTCAAT,GGGAGTT,7,2
GGGAGGGACGTT,GGGAGGG,7,2
GGGCACCTGCAA,GGGCACC,7,2
GGGCATTCACGG,GGGCATT,7,2
GGGCCAGAACAC,GGGCCAG,7,2
GGGCCCACAGTT,GGGCCCA,7,2
GGGCTAAACGTG,GGGCTAA,7,2
GGGCTCTACTGC,GGGCTCT,7,2
GGGCTTCACGAA,GGGCTTC,7,2
GGGCGCGATATC,GGGCGCG,7,2
GGGCGGAAAGAG,GGGCGGA,7,2
GGGTATAAGGAC,GGGTATA,7,2
GGGTCAAATGCG,GGGTCAA,7,2
GGGTCCTACAAC,GGGTCCT,7,2
GGGTCGGACTTA,GGGTCGG,7,2
GGGTTATAACGC,GGGTTAT,7,2
GGGTTCCTCTGC,GGGTTCC,7,2
GGGTTTGAGTAT,GGGTTTG,7,2
GGGTGGTCCCTA,GGGTGGT,7,2
