target,target_symbol,spacer_1,spacer_2,spacer_1_pick_order,spacer_2_pick_order,target_version,category,iBAR_1,iBAR_2,tRNA,dialout,dialout_fwd,dialout_rev,tRNA_leader,oligo,oligo_len
NONTARGETING_CONTROL,NONTARGETING_CONTROL,GTGGTGCGATACGACTCGCG,CGTCGAGTATATCGGCGTCA,1,1,1,NONTARGETING_CONTROL,CTAGCCAACTCG,AGGCACAAGCTC,tRNA_A,0,CCGGCCAACATACC,CTCGTTCCTTTCGA,AACAAA,CCGGCCAACATACCCGTCTCAATGCAGTGGTGCGATACGACTCGCGGTTTGAGAGCTAAGCAGGACGAGTTGGCTAGGACTGCTTAGCAAGTTCAAATAAGGCTGGTCCGTACACAACTTGGAAAAGTGGCAGCCGAGTCGGCTGCAACAAAGGGGGTATAGCTCAGTGGTAGAGCGCGTGCTTAGCATGCACGAGGTCCTGGGTTCGATCCCCAGTACCTCCACGTCGAGTATATCGGCGTCAGTTTCAGAGCTATGCTGGAGAGCTTGTGCCTAACATGAGACGTCGAAAGGAACGAG,300
NONTARGETING_CONTROL,NONTARGETING_CONTROL,TCATAACGAGTAGGCGCGGT,CGACCCGAAAACGTCGCGTA,1,1,2,NONTARGETING_CONTROL,GTCACGAAATAA,AGTCGTAAAGTT,tRNA_A,0,CCGGCCAACATACC,CTCGTTCCTTTCGA,AACAAA,CCGGCCAACATACCCGTCTCAATGCATCATAACGAGTAGGCGCGGTGTTTGAGAGCTAAGCAGGATTATTTCGTGACGACTGCTTAGCAAGTTCAAATAAGGCTGGTCCGTACACAACTTGGAAAAGTGGCAGCCGAGTCGGCTGCAACAAAGGGGGTATAGCTCAGTGGTAGAGCGCGTGCTTAGCATGCACGAGGTCCTGGGTTCGATCCCCAGTACCTCCACGACCCGAAAACGTCGCGTAGTTTCAGAGCTATGCTGGAAACTTTACGACTAACATGAGACGTCGAAAGGAACGAG,300
NONTARGETING_CONTROL,NONTARGETING_CONTROL,ACATAACAGTTGCGCTCGAC,CGGCTATACGATCGCGCGCT,1,1,3,NONTARGETING_CONTROL,GCTGTTAACGGA,CGACCTAAATAC,tRNA_P,0,CCGGCCAACATACC,CTCGTTCCTTTCGA,AACAAA,CCGGCCAACATACCCGTCTCAATGCAACATAACAGTTGCGCTCGACGTTTGAGAGCTAAGCAGGATCCGTTAACAGCGACTGCTTAGCAAGTTCAAATAAGGCTGGTCCGTACACAACTTGGAAAAGTGGCAGCCGAGTCGGCTGCAACAAAGGCTCGTTGGTCTAGGGGTATGATTCTCGCTTAGGGTGCGAGAGGTCCCGGGTTCAAATCCCGGACGAGCCCCGGCTATACGATCGCGCGCTGTTTCAGAGCTATGCTGGAGTATTTAGGTCGAACATGAGACGTCGAAAGGAACGAG,300
NONTARGETING_CONTROL,NONTARGETING_CONTROL,CTTCGATACGCGTCGACCGT,TCTAGCGTGTCGTCCGACAA,1,1,4,NONTARGETING_CONTROL,TGTAAGAAAGGC,GTCTGAAATCCA,tRNA_A,0,CCGGCCAACATACC,CTCGTTCCTTTCGA,AACAAA,CCGGCCAACATACCCGTCTCAATGCACTTCGATACGCGTCGACCGTGTTTGAGAGCTAAGCAGGAGCCTTTCTTACAGACTGCTTAGCAAGTTCAAATAAGGCTGGTCCGTACACAACTTGGAAAAGTGGCAGCCGAGTCGGCTGCAACAAAGGGGGTATAGCTCAGTGGTAGAGCGCGTGCTTAGCATGCACGAGGTCCTGGGTTCGATCCCCAGTACCTCCATCTAGCGTGTCGTCCGACAAGTTTCAGAGCTATGCTGGATGGATTTCAGACAACATGAGACGTCGAAAGGAACGAG,300
NONTARGETING_CONTROL,NONTARGETING_CONTROL,ATTCGATCGGATCCGTCGAT,GCTATCCAAGGCGTACGCGC,1,1,5,NONTARGETING_CONTROL,TCTCTGACCAAA,CTTGTAAAGGTT,tRNA_P,0,CCGGCCAACATACC,CTCGTTCCTTTCGA,AACAAA,CCGGCCAACATACCCGTCTCAATGCAATTCGATCGGATCCGTCGATGTTTGAGAGCTAAGCAGGATTTGGTCAGAGAGACTGCTTAGCAAGTTCAAATAAGGCTGGTCCGTACACAACTTGGAAAAGTGGCAGCCGAGTCGGCTGCAACAAAGGCTCGTTGGTCTAGGGGTATGATTCTCGCTTAGGGTGCGAGAGGTCCCGGGTTCAAATCCCGGACGAGCCCGCTATCCAAGGCGTACGCGCGTTTCAGAGCTATGCTGGAAACCTTTACAAGAACATGAGACGTCGAAAGGAACGAG,300
NONTARGETING_CONTROL,NONTARGETING_CONTROL,AGGGATCAGTCGGCGTCGAT,GGAAGTTTACCGCTCGTCCG,1,1,6,NONTARGETING_CONTROL,ACCATAAACGGC,CCTACTACTATC,tRNA_Q,0,CCGGCCAACATACC,CTCGTTCCTTTCGA,AACAAA,CCGGCCAACATACCCGTCTCAATGCAAGGGATCAGTCGGCGTCGATGTTTGAGAGCTAAGCAGGAGCCGTTTATGGTGACTGCTTAGCAAGTTCAAATAAGGCTGGTCCGTACACAACTTGGAAAAGTGGCAGCCGAGTCGGCTGCAACAAAGGTTCCATGGTGTAATGGTTAGCACTCTGGACTCTGAATCCAGCGATCCGAGTTCAAATCTCGGTGGAACCTGGAAGTTTACCGCTCGTCCGGTTTCAGAGCTATGCTGGAGATAGTAGTAGGAACATGAGACGTCGAAAGGAACGAG,300
NONTARGETING_CONTROL,NONTARGETING_CONTROL,GATGTCACGCATCGCGCCAT,GTGTTGGCGATCGTCGATAG,1,1,7,NONTARGETING_CONTROL,TAACGTACAAGA,CAATTGAACATG,tRNA_P,0,CCGGCCAACATACC,CTCGTTCCTTTCGA,AACAAA,CCGGCCAACATACCCGTCTCAATGCAGATGTCACGCATCGCGCCATGTTTGAGAGCTAAGCAGGATCTTGTACGTTAGACTGCTTAGCAAGTTCAAATAAGGCTGGTCCGTACACAACTTGGAAAAGTGGCAGCCGAGTCGGCTGCAACAAAGGCTCGTTGGTCTAGGGGTATGATTCTCGCTTAGGGTGCGAGAGGTCCCGGGTTCAAATCCCGGACGAGCCCGTGTTGGCGATCGTCGATAGGTTTCAGAGCTATGCTGGACATGTTCAATTGAACATGAGACGTCGAAAGGAACGAG,300
NONTARGETING_CONTROL,NONTARGETING_CONTROL,AGACTCCGATCCCCGATCGG,CAAGGCGCCCGTTACGATAA,1,1,8,NONTARGETING_CONTROL,CAGAAACACGAT,CTGGAGAAACTA,tRNA_Q,0,CCGGCCAACATACC,CTCGTTCCTTTCGA,AACAAA,CCGGCCAACATACCCGTCTCAATGCAAGACTCCGATCCCCGATCGGGTTTGAGAGCTAAGCAGGAATCGTGTTTCTGGACTGCTTAGCAAGTTCAAATAAGGCTGGTCCGTACACAACTTGGAAAAGTGGCAGCCGAGTCGGCTGCAACAAAGGTTCCATGGTGTAATGGTTAGCACTCTGGACTCTGAATCCAGCGATCCGAGTTCAAATCTCGGTGGAACCTCAAGGCGCCCGTTACGATAAGTTTCAGAGCTATGCTGGATAGTTTCTCCAGAACATGAGACGTCGAAAGGAACGAG,300
NONTARGETING_CONTROL,NONTARGETING_CONTROL,ATGCTCCAATCGCGACCGGT,TAGCGGATACGTCCTACGTC,1,1,9,NONTARGETING_CONTROL,TAGCAGAAATCG,CCAGGTAAGACC,tRNA_Q,0,CCGGCCAACATACC,CTCGTTCCTTTCGA,AACAAA,CCGGCCAACATACCCGTCTCAATGCAATGCTCCAATCGCGACCGGTGTTTGAGAGCTAAGCAGGACGATTTCTGCTAGACTGCTTAGCAAGTTCAAATAAGGCTGGTCCGTACACAACTTGGAAAAGTGGCAGCCGAGTCGGCTGCAACAAAGGTTCCATGGTGTAATGGTTAGCACTCTGGACTCTGAATCCAGCGATCCGAGTTCAAATCTCGGTGGAACCTTAGCGGATACGTCCTACGTCGTTTCAGAGCTATGCTGGAGGTCTTACCTGGAACATGAGACGTCGAAAGGAACGAG,300
NONTARGETING_CONTROL,NONTARGETING_CONTROL,GCGCGCGTTAAACGCGCGAC,ACTTAGGCGATGCGCGAAAG,1,1,10,NONTARGETING_CONTROL,CTTAGGACATAT,CCTCGAAACTCA,tRNA_A,0,CCGGCCAACATACC,CTCGTTCCTTTCGA,AACAAA,CCGGCCAACATACCCGTCTCAATGCAGCGCGCGTTAAACGCGCGACGTTTGAGAGCTAAGCAGGAATATGTCCTAAGGACTGCTTAGCAAGTTCAAATAAGGCTGGTCCGTACACAACTTGGAAAAGTGGCAGCCGAGTCGGCTGCAACAAAGGGGGTATAGCTCAGTGGTAGAGCGCGTGCTTAGCATGCACGAGGTCCTGGGTTCGATCCCCAGTACCTCCAACTTAGGCGATGCGCGAAAGGTTTCAGAGCTATGCTGGATGAGTTTCGAGGAACATGAGACGTCGAAAGGAACGAG,300
NONTARGETING_CONTROL,NONTARGETING_CONTROL,TTACGTATACGTTTCGCGCA,TGACTACGCATACGCCGGAC,1,1,11,NONTARGETING_CONTROL,AACACTAAAGGT,CGGCTAAACTTA,tRNA_A,0,CCGGCCAACATACC,CTCGTTCCTTTCGA,AACAAA,CCGGCCAACATACCCGTCTCAATGCATTACGTATACGTTTCGCGCAGTTTGAGAGCTAAGCAGGAACCTTTAGTGTTGACTGCTTAGCAAGTTCAAATAAGGCTGGTCCGTACACAACTTGGAAAAGTGGCAGCCGAGTCGGCTGCAACAAAGGGGGTATAGCTCAGTGGTAGAGCGCGTGCTTAGCATGCACGAGGTCCTGGGTTCGATCCCCAGTACCTCCATGACTACGCATACGCCGGACGTTTCAGAGCTATGCTGGATAAGTTTAGCCGAACATGAGACGTCGAAAGGAACGAG,300
NONTARGETING_CONTROL,NONTARGETING_CONTROL,GCGTGTATCGCGCAACGGCT,GCATAGCGGTCGTGCGTCAC,1,1,12,NONTARGETING_CONTROL,CCACACAACACG,AGAGGCAATCGG,tRNA_A,0,CCGGCCAACATACC,CTCGTTCCTTTCGA,AACAAA,CCGGCCAACATACCCGTCTCAATGCAGCGTGTATCGCGCAACGGCTGTTTGAGAGCTAAGCAGGACGTGTTGTGTGGGACTGCTTAGCAAGTTCAAATAAGGCTGGTCCGTACACAACTTGGAAAAGTGGCAGCCGAGTCGGCTGCAACAAAGGGGGTATAGCTCAGTGGTAGAGCGCGTGCTTAGCATGCACGAGGTCCTGGGTTCGATCCCCAGTACCTCCAGCATAGCGGTCGTGCGTCACGTTTCAGAGCTATGCTGGACCGATTGCCTCTAACATGAGACGTCGAAAGGAACGAG,300
NONTARGETING_CONTROL,NONTARGETING_CONTROL,GTTCAACCACGGACGACCGC,TATCGTCTATCGACGAGTCT,1,1,13,NONTARGETING_CONTROL,AGCTTCACAGAG,TGCGCCAAAGTA,tRNA_P,0,CCGGCCAACATACC,CTCGTTCCTTTCGA,AACAAA,CCGGCCAACATACCCGTCTCAATGCAGTTCAACCACGGACGACCGCGTTTGAGAGCTAAGCAGGACTCTGTGAAGCTGACTGCTTAGCAAGTTCAAATAAGGCTGGTCCGTACACAACTTGGAAAAGTGGCAGCCGAGTCGGCTGCAACAAAGGCTCGTTGGTCTAGGGGTATGATTCTCGCTTAGGGTGCGAGAGGTCCCGGGTTCAAATCCCGGACGAGCCCTATCGTCTATCGACGAGTCTGTTTCAGAGCTATGCTGGATACTTTGGCGCAAACATGAGACGTCGAAAGGAACGAG,300
NONTARGETING_CONTROL,NONTARGETING_CONTROL,AATCGAGTCGGCGATATCGT,TAGGCGTGGATTCGCGCTAC,1,1,14,NONTARGETING_CONTROL,GGCCAGATCGCT,AAGATGAAATCG,tRNA_Q,0,CCGGCCAACATACC,CTCGTTCCTTTCGA,AACAAA,CCGGCCAACATACCCGTCTCAATGCAAATCGAGTCGGCGATATCGTGTTTGAGAGCTAAGCAGGAAGCGATCTGGCCGACTGCTTAGCAAGTTCAAATAAGGCTGGTCCGTACACAACTTGGAAAAGTGGCAGCCGAGTCGGCTGCAACAAAGGTTCCATGGTGTAATGGTTAGCACTCTGGACTCTGAATCCAGCGATCCGAGTTCAAATCTCGGTGGAACCTTAGGCGTGGATTCGCGCTACGTTTCAGAGCTATGCTGGACGATTTCATCTTAACATGAGACGTCGAAAGGAACGAG,300
NONTARGETING_CONTROL,NONTARGETING_CONTROL,CAGTTGATCACGGCGCGAAC,GAGGGACGTAATCCCGATCG,1,1,15,NONTARGETING_CONTROL,TTCAAACACACT,ATAAGAAAGCGT,tRNA_Q,0,CCGGCCAACATACC,CTCGTTCCTTTCGA,AACAAA,CCGGCCAACATACCCGTCTCAATGCACAGTTGATCACGGCGCGAACGTTTGAGAGCTAAGCAGGAAGTGTGTTTGAAGACTGCTTAGCAAGTTCAAATAAGGCTGGTCCGTACACAACTTGGAAAAGTGGCAGCCGAGTCGGCTGCAACAAAGGTTCCATGGTGTAATGGTTAGCACTCTGGACTCTGAATCCAGCGATCCGAGTTCAAATCTCGGTGGAACCTGAGGGACGTAATCCCGATCGGTTTCAGAGCTATGCTGGAACGCTTTCTTATAACATGAGACGTCGAAAGGAACGAG,300
NONTARGETING_CONTROL,NONTARGETING_CONTROL,AGCACGACGCTCGAATCGAT,ATATGCGTAACCCGACGACA,1,1,16,NONTARGETING_CONTROL,ACGTAAACGGGT,GAGCCCAAATGT,tRNA_A,0,CCGGCCAACATACC,CTCGTTCCTTTCGA,AACAAA,CCGGCCAACATACCCGTCTCAATGCAAGCACGACGCTCGAATCGATGTTTGAGAGCTAAGCAGGAACCCGTTTACGTGACTGCTTAGCAAGTTCAAATAAGGCTGGTCCGTACACAACTTGGAAAAGTGGCAGCCGAGTCGGCTGCAACAAAGGGGGTATAGCTCAGTGGTAGAGCGCGTGCTTAGCATGCACGAGGTCCTGGGTTCGATCCCCAGTACCTCCAATATGCGTAACCCGACGACAGTTTCAGAGCTATGCTGGAACATTTGGGCTCAACATGAGACGTCGAAAGGAACGAG,300
NONTARGETING_CONTROL,NONTARGETING_CONTROL,AATACGCCCGCGTAACGATC,CAACGTACGACGCGATAATA,1,1,17,NONTARGETING_CONTROL,TTGCTTAAAGCC,ACGGTCAACTGT,tRNA_P,0,CCGGCCAACATACC,CTCGTTCCTTTCGA,AACAAA,CCGGCCAACATACCCGTCTCAATGCAAATACGCCCGCGTAACGATCGTTTGAGAGCTAAGCAGGAGGCTTTAAGCAAGACTGCTTAGCAAGTTCAAATAAGGCTGGTCCGTACACAACTTGGAAAAGTGGCAGCCGAGTCGGCTGCAACAAAGGCTCGTTGGTCTAGGGGTATGATTCTCGCTTAGGGTGCGAGAGGTCCCGGGTTCAAATCCCGGACGAGCCCCAACGTACGACGCGATAATAGTTTCAGAGCTATGCTGGAACAGTTGACCGTAACATGAGACGTCGAAAGGAACGAG,300
NONTARGETING_CONTROL,NONTARGETING_CONTROL,CCTTAACGGCAATCGCGCGT,ATTCCCACGTGCGTCGAACG,1,1,18,NONTARGETING_CONTROL,AAAGTTAACTGG,GCCTTGACTCTG,tRNA_Q,0,CCGGCCAACATACC,CTCGTTCCTTTCGA,AACAAA,CCGGCCAACATACCCGTCTCAATGCACCTTAACGGCAATCGCGCGTGTTTGAGAGCTAAGCAGGACCAGTTAACTTTGACTGCTTAGCAAGTTCAAATAAGGCTGGTCCGTACACAACTTGGAAAAGTGGCAGCCGAGTCGGCTGCAACAAAGGTTCCATGGTGTAATGGTTAGCACTCTGGACTCTGAATCCAGCGATCCGAGTTCAAATCTCGGTGGAACCTATTCCCACGTGCGTCGAACGGTTTCAGAGCTATGCTGGACAGAGTCAAGGCAACATGAGACGTCGAAAGGAACGAG,300
NONTARGETING_CONTROL,NONTARGETING_CONTROL,GTTGTCGAACTCGAACGTCG,GACCAAAAGCGCGTCGACGG,1,1,19,NONTARGETING_CONTROL,ATGCCAAATCTG,AGGTGGAACTAG,tRNA_Q,0,CCGGCCAACATACC,CTCGTTCCTTTCGA,AACAAA,CCGGCCAACATACCCGTCTCAATGCAGTTGTCGAACTCGAACGTCGGTTTGAGAGCTAAGCAGGACAGATTTGGCATGACTGCTTAGCAAGTTCAAATAAGGCTGGTCCGTACACAACTTGGAAAAGTGGCAGCCGAGTCGGCTGCAACAAAGGTTCCATGGTGTAATGGTTAGCACTCTGGACTCTGAATCCAGCGATCCGAGTTCAAATCTCGGTGGAACCTGACCAAAAGCGCGTCGACGGGTTTCAGAGCTATGCTGGACTAGTTCCACCTAACATGAGACGTCGAAAGGAACGAG,300
NONTARGETING_CONTROL,NONTARGETING_CONTROL,CCACGACCGCACCGCGCAAT,CCCCGATCTTACGTCGCGTA,1,1,20,NONTARGETING_CONTROL,TTACCGAACAGC,CTATAAACCACG,tRNA_P,0,CCGGCCAACATACC,CTCGTTCCTTTCGA,AACAAA,CCGGCCAACATACCCGTCTCAATGCACCACGACCGCACCGCGCAATGTTTGAGAGCTAAGCAGGAGCTGTTCGGTAAGACTGCTTAGCAAGTTCAAATAAGGCTGGTCCGTACACAACTTGGAAAAGTGGCAGCCGAGTCGGCTGCAACAAAGGCTCGTTGGTCTAGGGGTATGATTCTCGCTTAGGGTGCGAGAGGTCCCGGGTTCAAATCCCGGACGAGCCCCCCCGATCTTACGTCGCGTAGTTTCAGAGCTATGCTGGACGTGGTTTATAGAACATGAGACGTCGAAAGGAACGAG,300
NONTARGETING_CONTROL,NONTARGETING_CONTROL,AGAAGTTTGCGCCGACGCTA,GTCGTACGGATTCGCGCGTA,1,1,21,NONTARGETING_CONTROL,CGTTACAGCTAA,GTAAACATCTGA,tRNA_Q,0,CCGGCCAACATACC,CTCGTTCCTTTCGA,AACAAA,CCGGCCAACATACCCGTCTCAATGCAAGAAGTTTGCGCCGACGCTAGTTTGAGAGCTAAGCAGGATTAGCTGTAACGGACTGCTTAGCAAGTTCAAATAAGGCTGGTCCGTACACAACTTGGAAAAGTGGCAGCCGAGTCGGCTGCAACAAAGGTTCCATGGTGTAATGGTTAGCACTCTGGACTCTGAATCCAGCGATCCGAGTTCAAATCTCGGTGGAACCTGTCGTACGGATTCGCGCGTAGTTTCAGAGCTATGCTGGATCAGATGTTTACAACATGAGACGTCGAAAGGAACGAG,300
NONTARGETING_CONTROL,NONTARGETING_CONTROL,GATAGTCGTGCTACGCGTTC,AGACCGTCGTCGATCGATAC,1,1,22,NONTARGETING_CONTROL,GGCTCTAACCAT,GATACAAAGTCC,tRNA_A,0,CCGGCCAACATACC,CTCGTTCCTTTCGA,AACAAA,CCGGCCAACATACCCGTCTCAATGCAGATAGTCGTGCTACGCGTTCGTTTGAGAGCTAAGCAGGAATGGTTAGAGCCGACTGCTTAGCAAGTTCAAATAAGGCTGGTCCGTACACAACTTGGAAAAGTGGCAGCCGAGTCGGCTGCAACAAAGGGGGTATAGCTCAGTGGTAGAGCGCGTGCTTAGCATGCACGAGGTCCTGGGTTCGATCCCCAGTACCTCCAAGACCGTCGTCGATCGATACGTTTCAGAGCTATGCTGGAGGACTTTGTATCAACATGAGACGTCGAAAGGAACGAG,300
NONTARGETING_CONTROL,NONTARGETING_CONTROL,ACCACCGTTCGTACCGGTCG,GGAACTCCGACCTCGCGAAC,1,1,23,NONTARGETING_CONTROL,TCGAGTACGCCC,TGGTATAATGGC,tRNA_Q,0,CCGGCCAACATACC,CTCGTTCCTTTCGA,AACAAA,CCGGCCAACATACCCGTCTCAATGCAACCACCGTTCGTACCGGTCGGTTTGAGAGCTAAGCAGGAGGGCGTACTCGAGACTGCTTAGCAAGTTCAAATAAGGCTGGTCCGTACACAACTTGGAAAAGTGGCAGCCGAGTCGGCTGCAACAAAGGTTCCATGGTGTAATGGTTAGCACTCTGGACTCTGAATCCAGCGATCCGAGTTCAAATCTCGGTGGAACCTGGAACTCCGACCTCGCGAACGTTTCAGAGCTATGCTGGAGCCATTATACCAAACATGAGACGTCGAAAGGAACGAG,300
NONTARGETING_CONTROL,NONTARGETING_CONTROL,GTCGCATCGTGGCGATCGAC,GTATACACGCACTTTCGGGT,1,1,24,NONTARGETING_CONTROL,GCACTAACACAT,CCCAAGAAATTA,tRNA_A,0,CCGGCCAACATACC,CTCGTTCCTTTCGA,AACAAA,CCGGCCAACATACCCGTCTCAATGCAGTCGCATCGTGGCGATCGACGTTTGAGAGCTAAGCAGGAATGTGTTAGTGCGACTGCTTAGCAAGTTCAAATAAGGCTGGTCCGTACACAACTTGGAAAAGTGGCAGCCGAGTCGGCTGCAACAAAGGGGGTATAGCTCAGTGGTAGAGCGCGTGCTTAGCATGCACGAGGTCCTGGGTTCGATCCCCAGTACCTCCAGTATACACGCACTTTCGGGTGTTTCAGAGCTATGCTGGATAATTTCTTGGGAACATGAGACGTCGAAAGGAACGAG,300
NONTARGETING_CONTROL,NONTARGETING_CONTROL,GGCCGACCAACGTTTCGACC,AAGCGACGTTCGTCCGATAG,1,1,25,NONTARGETING_CONTROL,CCGTTTAACGAA,ACCTGTACGCGC,tRNA_P,0,CCGGCCAACATACC,CTCGTTCCTTTCGA,AACAAA,CCGGCCAACATACCCGTCTCAATGCAGGCCGACCAACGTTTCGACCGTTTGAGAGCTAAGCAGGATTCGTTAAACGGGACTGCTTAGCAAGTTCAAATAAGGCTGGTCCGTACACAACTTGGAAAAGTGGCAGCCGAGTCGGCTGCAACAAAGGCTCGTTGGTCTAGGGGTATGATTCTCGCTTAGGGTGCGAGAGGTCCCGGGTTCAAATCCCGGACGAGCCCAAGCGACGTTCGTCCGATAGGTTTCAGAGCTATGCTGGAGCGCGTACAGGTAACATGAGACGTCGAAAGGAACGAG,300
NONTARGETING_CONTROL,NONTARGETING_CONTROL,AGTTCGTCGGTTCGTTCGAA,CCGGACATCCCGGCGCGAAT,1,1,26,NONTARGETING_CONTROL,TGGACAAAGCCA,CACCCAAACAAT,tRNA_P,0,CCGGCCAACATACC,CTCGTTCCTTTCGA,AACAAA,CCGGCCAACATACCCGTCTCAATGCAAGTTCGTCGGTTCGTTCGAAGTTTGAGAGCTAAGCAGGATGGCTTTGTCCAGACTGCTTAGCAAGTTCAAATAAGGCTGGTCCGTACACAACTTGGAAAAGTGGCAGCCGAGTCGGCTGCAACAAAGGCTCGTTGGTCTAGGGGTATGATTCTCGCTTAGGGTGCGAGAGGTCCCGGGTTCAAATCCCGGACGAGCCCCCGGACATCCCGGCGCGAATGTTTCAGAGCTATGCTGGAATTGTTTGGGTGAACATGAGACGTCGAAAGGAACGAG,300
NONTARGETING_CONTROL,NONTARGETING_CONTROL,GCTCGGTCGACCGCGCAACC,TATATCGCGGCGTCGTTACA,1,1,27,NONTARGETING_CONTROL,TTAGATAAAGGG,TGATGAAACATC,tRNA_P,0,CCGGCCAACATACC,CTCGTTCCTTTCGA,AACAAA,CCGGCCAACATACCCGTCTCAATGCAGCTCGGTCGACCGCGCAACCGTTTGAGAGCTAAGCAGGACCCTTTATCTAAGACTGCTTAGCAAGTTCAAATAAGGCTGGTCCGTACACAACTTGGAAAAGTGGCAGCCGAGTCGGCTGCAACAAAGGCTCGTTGGTCTAGGGGTATGATTCTCGCTTAGGGTGCGAGAGGTCCCGGGTTCAAATCCCGGACGAGCCCTATATCGCGGCGTCGTTACAGTTTCAGAGCTATGCTGGAGATGTTTCATCAAACATGAGACGTCGAAAGGAACGAG,300
NONTARGETING_CONTROL,NONTARGETING_CONTROL,TGAAGGTTGACGACCGCGTT,AGCCGATCGATTCGCAATCG,1,1,28,NONTARGETING_CONTROL,GAATATAATCGC,AATGCGACACTG,tRNA_A,0,CCGGCCAACATACC,CTCGTTCCTTTCGA,AACAAA,CCGGCCAACATACCCGTCTCAATGCATGAAGGTTGACGACCGCGTTGTTTGAGAGCTAAGCAGGAGCGATTATATTCGACTGCTTAGCAAGTTCAAATAAGGCTGGTCCGTACACAACTTGGAAAAGTGGCAGCCGAGTCGGCTGCAACAAAGGGGGTATAGCTCAGTGGTAGAGCGCGTGCTTAGCATGCACGAGGTCCTGGGTTCGATCCCCAGTACCTCCAAGCCGATCGATTCGCAATCGGTTTCAGAGCTATGCTGGACAGTGTCGCATTAACATGAGACGTCGAAAGGAACGAG,300
NONTARGETING_CONTROL,NONTARGETING_CONTROL,GGCGGTTTGCGTGCCGACGT,TGGCGCCGATACGTCGGCTA,1,1,29,NONTARGETING_CONTROL,CGCAGAACATCG,CTCATCAGACGA,tRNA_P,0,CCGGCCAACATACC,CTCGTTCCTTTCGA,AACAAA,CCGGCCAACATACCCGTCTCAATGCAGGCGGTTTGCGTGCCGACGTGTTTGAGAGCTAAGCAGGACGATGTTCTGCGGACTGCTTAGCAAGTTCAAATAAGGCTGGTCCGTACACAACTTGGAAAAGTGGCAGCCGAGTCGGCTGCAACAAAGGCTCGTTGGTCTAGGGGTATGATTCTCGCTTAGGGTGCGAGAGGTCCCGGGTTCAAATCCCGGACGAGCCCTGGCGCCGATACGTCGGCTAGTTTCAGAGCTATGCTGGATCGTCTGATGAGAACATGAGACGTCGAAAGGAACGAG,300
NONTARGETING_CONTROL,NONTARGETING_CONTROL,ACTGCCTCCGATCGCGGTAT,TGGCGCGACGTTATACGCGT,1,1,30,NONTARGETING_CONTROL,AACCGCACAGTA,AATAACAGCTGG,tRNA_A,0,CCGGCCAACATACC,CTCGTTCCTTTCGA,AACAAA,CCGGCCAACATACCCGTCTCAATGCAACTGCCTCCGATCGCGGTATGTTTGAGAGCTAAGCAGGATACTGTGCGGTTGACTGCTTAGCAAGTTCAAATAAGGCTGGTCCGTACACAACTTGGAAAAGTGGCAGCCGAGTCGGCTGCAACAAAGGGGGTATAGCTCAGTGGTAGAGCGCGTGCTTAGCATGCACGAGGTCCTGGGTTCGATCCCCAGTACCTCCATGGCGCGACGTTATACGCGTGTTTCAGAGCTATGCTGGACCAGCTGTTATTAACATGAGACGTCGAAAGGAACGAG,300
NONTARGETING_CONTROL,NONTARGETING_CONTROL,CCCCGTCGCGGTATGATCGG,AAGCGTTCGGCCGCCAACTA,1,1,31,NONTARGETING_CONTROL,CGCGTGAAGAGG,ACAAATAACCCG,tRNA_P,0,CCGGCCAACATACC,CTCGTTCCTTTCGA,AACAAA,CCGGCCAACATACCCGTCTCAATGCACCCCGTCGCGGTATGATCGGGTTTGAGAGCTAAGCAGGACCTCTTCACGCGGACTGCTTAGCAAGTTCAAATAAGGCTGGTCCGTACACAACTTGGAAAAGTGGCAGCCGAGTCGGCTGCAACAAAGGCTCGTTGGTCTAGGGGTATGATTCTCGCTTAGGGTGCGAGAGGTCCCGGGTTCAAATCCCGGACGAGCCCAAGCGTTCGGCCGCCAACTAGTTTCAGAGCTATGCTGGACGGGTTATTTGTAACATGAGACGTCGAAAGGAACGAG,300
NONTARGETING_CONTROL,NONTARGETING_CONTROL,GTACGTCGATCGTATATCGA,AATGTAACCTGCGCGATCGA,1,1,32,NONTARGETING_CONTROL,GTTCCTACAGCT,GCATGCAAAGAG,tRNA_Q,0,CCGGCCAACATACC,CTCGTTCCTTTCGA,AACAAA,CCGGCCAACATACCCGTCTCAATGCAGTACGTCGATCGTATATCGAGTTTGAGAGCTAAGCAGGAAGCTGTAGGAACGACTGCTTAGCAAGTTCAAATAAGGCTGGTCCGTACACAACTTGGAAAAGTGGCAGCCGAGTCGGCTGCAACAAAGGTTCCATGGTGTAATGGTTAGCACTCTGGACTCTGAATCCAGCGATCCGAGTTCAAATCTCGGTGGAACCTAATGTAACCTGCGCGATCGAGTTTCAGAGCTATGCTGGACTCTTTGCATGCAACATGAGACGTCGAAAGGAACGAG,300
NONTARGETING_CONTROL,NONTARGETING_CONTROL,CCAAATTCGCGATCGACGTC,CTCGTACGTACTCCGCCGTA,1,1,33,NONTARGETING_CONTROL,AAGGGAAACTCA,GGAAGTAATGCC,tRNA_P,0,CCGGCCAACATACC,CTCGTTCCTTTCGA,AACAAA,CCGGCCAACATACCCGTCTCAATGCACCAAATTCGCGATCGACGTCGTTTGAGAGCTAAGCAGGATGAGTTTCCCTTGACTGCTTAGCAAGTTCAAATAAGGCTGGTCCGTACACAACTTGGAAAAGTGGCAGCCGAGTCGGCTGCAACAAAGGCTCGTTGGTCTAGGGGTATGATTCTCGCTTAGGGTGCGAGAGGTCCCGGGTTCAAATCCCGGACGAGCCCCTCGTACGTACTCCGCCGTAGTTTCAGAGCTATGCTGGAGGCATTACTTCCAACATGAGACGTCGAAAGGAACGAG,300
NONTARGETING_CONTROL,NONTARGETING_CONTROL,AGCCGTCGTTGGACGTAACG,GACACGATAGCGCGCAATCG,1,1,34,NONTARGETING_CONTROL,CAAAGCAAAGAA,GGGATCAAACGG,tRNA_A,0,CCGGCCAACATACC,CTCGTTCCTTTCGA,AACAAA,CCGGCCAACATACCCGTCTCAATGCAAGCCGTCGTTGGACGTAACGGTTTGAGAGCTAAGCAGGATTCTTTGCTTTGGACTGCTTAGCAAGTTCAAATAAGGCTGGTCCGTACACAACTTGGAAAAGTGGCAGCCGAGTCGGCTGCAACAAAGGGGGTATAGCTCAGTGGTAGAGCGCGTGCTTAGCATGCACGAGGTCCTGGGTTCGATCCCCAGTACCTCCAGACACGATAGCGCGCAATCGGTTTCAGAGCTATGCTGGACCGTTTGATCCCAACATGAGACGTCGAAAGGAACGAG,300
NONTARGETING_CONTROL,NONTARGETING_CONTROL,TGCACGACACGATCGTACGA,TGTATTATACCGTACGCGCG,1,1,35,NONTARGETING_CONTROL,AAACAAATCCGG,TCCCATAACGGT,tRNA_Q,0,CCGGCCAACATACC,CTCGTTCCTTTCGA,AACAAA,CCGGCCAACATACCCGTCTCAATGCATGCACGACACGATCGTACGAGTTTGAGAGCTAAGCAGGACCGGATTTGTTTGACTGCTTAGCAAGTTCAAATAAGGCTGGTCCGTACACAACTTGGAAAAGTGGCAGCCGAGTCGGCTGCAACAAAGGTTCCATGGTGTAATGGTTAGCACTCTGGACTCTGAATCCAGCGATCCGAGTTCAAATCTCGGTGGAACCTTGTATTATACCGTACGCGCGGTTTCAGAGCTATGCTGGAACCGTTATGGGAAACATGAGACGTCGAAAGGAACGAG,300
NONTARGETING_CONTROL,NONTARGETING_CONTROL,TGGCCGTATCGCTACGCGGT,GGACGTATCGATATCGGCCG,1,1,36,NONTARGETING_CONTROL,AATTTAACGCCC,TCAACCAAACGT,tRNA_Q,0,CCGGCCAACATACC,CTCGTTCCTTTCGA,AACAAA,CCGGCCAACATACCCGTCTCAATGCATGGCCGTATCGCTACGCGGTGTTTGAGAGCTAAGCAGGAGGGCGTTAAATTGACTGCTTAGCAAGTTCAAATAAGGCTGGTCCGTACACAACTTGGAAAAGTGGCAGCCGAGTCGGCTGCAACAAAGGTTCCATGGTGTAATGGTTAGCACTCTGGACTCTGAATCCAGCGATCCGAGTTCAAATCTCGGTGGAACCTGGACGTATCGATATCGGCCGGTTTCAGAGCTATGCTGGAACGTTTGGTTGAAACATGAGACGTCGAAAGGAACGAG,300
NONTARGETING_CONTROL,NONTARGETING_CONTROL,GAGATCGGACCGTCGCGTTA,TGCCGTTACGCCCGACGAAT,1,1,37,NONTARGETING_CONTROL,CTCCGTAAATGC,ATTATTACCGCT,tRNA_Q,0,CCGGCCAACATACC,CTCGTTCCTTTCGA,AACAAA,CCGGCCAACATACCCGTCTCAATGCAGAGATCGGACCGTCGCGTTAGTTTGAGAGCTAAGCAGGAGCATTTACGGAGGACTGCTTAGCAAGTTCAAATAAGGCTGGTCCGTACACAACTTGGAAAAGTGGCAGCCGAGTCGGCTGCAACAAAGGTTCCATGGTGTAATGGTTAGCACTCTGGACTCTGAATCCAGCGATCCGAGTTCAAATCTCGGTGGAACCTTGCCGTTACGCCCGACGAATGTTTCAGAGCTATGCTGGAAGCGGTAATAATAACATGAGACGTCGAAAGGAACGAG,300
NONTARGETING_CONTROL,NONTARGETING_CONTROL,CCCACGTCGGTCGCGCGATA,CATCGCCGTTAACGGTCGTT,1,1,38,NONTARGETING_CONTROL,TTGGGCAACTTA,TACTTTAGAGCC,tRNA_P,0,CCGGCCAACATACC,CTCGTTCCTTTCGA,AACAAA,CCGGCCAACATACCCGTCTCAATGCACCCACGTCGGTCGCGCGATAGTTTGAGAGCTAAGCAGGATAAGTTGCCCAAGACTGCTTAGCAAGTTCAAATAAGGCTGGTCCGTACACAACTTGGAAAAGTGGCAGCCGAGTCGGCTGCAACAAAGGCTCGTTGGTCTAGGGGTATGATTCTCGCTTAGGGTGCGAGAGGTCCCGGGTTCAAATCCCGGACGAGCCCCATCGCCGTTAACGGTCGTTGTTTCAGAGCTATGCTGGAGGCTCTAAAGTAAACATGAGACGTCGAAAGGAACGAG,300
NONTARGETING_CONTROL,NONTARGETING_CONTROL,ATATTCGCGTTACGCGCATT,AGGACCGTTAACGATACGCG,1,1,39,NONTARGETING_CONTROL,ATTTGCAACTTC,TATGTCAAGTGG,tRNA_Q,0,CCGGCCAACATACC,CTCGTTCCTTTCGA,AACAAA,CCGGCCAACATACCCGTCTCAATGCAATATTCGCGTTACGCGCATTGTTTGAGAGCTAAGCAGGAGAAGTTGCAAATGACTGCTTAGCAAGTTCAAATAAGGCTGGTCCGTACACAACTTGGAAAAGTGGCAGCCGAGTCGGCTGCAACAAAGGTTCCATGGTGTAATGGTTAGCACTCTGGACTCTGAATCCAGCGATCCGAGTTCAAATCTCGGTGGAACCTAGGACCGTTAACGATACGCGGTTTCAGAGCTATGCTGGACCACTTGACATAAACATGAGACGTCGAAAGGAACGAG,300
NONTARGETING_CONTROL,NONTARGETING_CONTROL,GTCCGACTCGACGCGTATCG,TAGAACCGGCGTAATTCGCG,1,1,40,NONTARGETING_CONTROL,GCCGAAACAAGC,ACAGCAAACCAC,tRNA_A,0,CCGGCCAACATACC,CTCGTTCCTTTCGA,AACAAA,CCGGCCAACATACCCGTCTCAATGCAGTCCGACTCGACGCGTATCGGTTTGAGAGCTAAGCAGGAGCTTGTTTCGGCGACTGCTTAGCAAGTTCAAATAAGGCTGGTCCGTACACAACTTGGAAAAGTGGCAGCCGAGTCGGCTGCAACAAAGGGGGTATAGCTCAGTGGTAGAGCGCGTGCTTAGCATGCACGAGGTCCTGGGTTCGATCCCCAGTACCTCCATAGAACCGGCGTAATTCGCGGTTTCAGAGCTATGCTGGAGTGGTTTGCTGTAACATGAGACGTCGAAAGGAACGAG,300
